firstName,lastName,middleName,email,membershipId,gender,dob,partnerId,country
Bary,Derks,Josiah,jderks0@va.gov,,M,1973-12-10,,CD
Nichols,Topp,Marijn,mtopp1@harvard.edu,99e2825d-96ad-4958-ad0c-0d87e4735fed,M,1942-08-09,,MZ
Falito,Lindsell,,mlindsell2@dailymail.co.uk,23de195f-df7e-477b-b4a4-901316f99e7c,M,1972-06-27,,KG
Dietrich,Shales,,cshales3@diigo.com,71a24d39-b515-4beb-9506-d26c5ad281ab,M,2000-05-23,,NL
Salli,Galbraith,,jgalbraith4@macromedia.com,,F,1997-06-16,,YT
Louie,Beveridge,Ford,fbeveridge5@exblog.jp,,M,2004-02-26,,NI
Emili,Bearcock,,kbearcock6@elegantthemes.com,,F,1988-08-15,,CF
Rees,Greensted,,fgreensted7@princeton.edu,,M,2020-05-18,,NO
Urbain,Bernardeau,Delainey,dbernardeau8@ifeng.com,,M,2015-08-03,,UZ
Jasmin,Grissett,Coreen,cgrissett9@senate.gov,,F,1975-02-09,8d285d27-0b1c-4113-8a90-c9a96669b4e8,SV
Douglas,Laphorn,,jlaphorna@stanford.edu,,M,1958-06-20,8912cee3-f329-4dfc-9f4b-06bfd225de2a,CN
Wheeler,Flips,Sherlock,sflipsb@census.gov,4b3cff7c-a36e-486f-b835-11819f19eb57,M,1928-03-20,,EC
Nyssa,Murray,,bmurrayc@imdb.com,,F,1984-08-12,,DE
Gretel,Bentham3,,abenthamd@t-online.de,720716f0-4b67-424d-812d-50004dc8db65,F,1920-07-27,,EE
Hyman,Brand-Hardy,Rudy,rbrandhardye@lulu.com,,M,1969-11-12,,MY
Hillel,Worgen,Laney,lworgenf@bloomberg.com,,M,1995-08-06,,ZA
Rutledge,Berr,Tyrus,tberrg@statcounter.com,,M,1993-11-05,,BG
Brandyn,Drains,,fdrainsh@fotki.com,,M,1925-08-13,8bf06db1-7f97-4a81-a0c4-f36622394793,EG
Stanwood,Sudy,,lsudyi@independent.co.uk,,M,1963-12-24,,CM
Darya,Teresia,,iteresiaj@dion.ne.jp,,F,1989-05-16,,IT
Dylan,Vernalls,,lvernallsk@harvard.edu,,M,1962-03-08,,NZ
Danny,Linsay,Kris,klinsayl@studiopress.com,542bec6b-dd56-4bbf-b8b5-4a4c60a1587b,F,1991-11-25,,US
Denney,Thow,,athowm@mashable.com,,M,1951-05-16,,CO
Ferdinand,Gahagan,,igahagann@bravesites.com,,M,1966-11-16,,AF
Gilli,Butt Gow,,ebuttgowo@gravatar.com,9c944e44-40c0-49d0-bedb-180e5bc161ee,F,1961-03-26,,NI
Maryanna,Casterot,Trude,tcasterotp@mapquest.com,,F,1967-04-16,,US
Bridgette,Dreng,Ginni,gdrengq@acquirethisname.com,,F,1996-07-17,,CM
Burk,Skegg,,jskeggr@dailymotion.com,81d1e917-4bdf-4ee3-91e4-a4bf95a5ad72,M,1973-10-25,,CG
Georgi,Gay,Halsey,hgays@admin.ch,0149623a-8104-4f82-871c-82f5a440d97d,M,1938-08-20,,IS
Marietta,Aubry,,eaubryt@infoseek.co.jp,,M,2010-12-25,,AF
Myranda,Krugmann,,mkrugmannu@elegantthemes.com,,F,1953-07-30,,TR
Kanya,Finder,Cristine,cfinderv@japanpost.jp,,F,1955-07-13,,AL
Livvy,Kobieriecki,,kkobierieckiw@japanpost.jp,,F,1941-04-22,,TR
Adriane,Garmston,,jgarmstonx@bbb.org,5b933b92-999f-4165-94b5-2b6210636ca2,F,1929-03-19,,MU
Wilden,Guirardin,,iguirardiny@uiuc.edu,174a0d3e-2f18-404b-a24e-e3be2092e783,M,1952-08-12,,HN
Darda,Jerrand,,cjerrandz@ning.com,5af9da66-aa14-42be-852b-96a24df55911,F,1982-06-08,,AD
Harriette,Martensen,,dmartensen10@ycombinator.com,,F,1978-08-21,,KG
Effie,Klouz,Damita,dklouz11@1688.com,,F,1984-11-20,,AL
Joseph,Valasek,Padraic,pvalasek12@creativecommons.org,,M,1971-10-26,,PG
Nolana,Painswick,,rpainswick13@newyorker.com,,F,1938-07-08,,KW
Gerry,Scotchford,,hscotchford14@bing.com,8bf07d8e-eae0-4efa-a62c-dfe681b60763,F,1944-06-20,26f7bb5c-f7f6-423d-a2ae-81be48f3ca26,IS
Channa,Bootton,,rbootton15@homestead.com,,F,1927-05-22,88e88acd-98ba-4e7d-bc3e-a8936520ba0b,FI
Rici,Koppke,Eolanda,ekoppke16@pagesperso-orange.fr,,F,2002-04-17,,MY
Dorie,Heck,,lheck17@squarespace.com,,F,1959-09-25,,BR
Trevor,Bricklebank,Hadley,hbricklebank18@aboutads.info,0650c80d-7d2d-49bd-b095-ef1e53c1504d,M,1933-01-27,,DK
Ariel,Frontczak,,bfrontczak19@hp.com,,F,1963-11-07,,ID
Paulie,Nanelli,,lnanelli1a@springer.com,,F,2016-11-19,0cd6ca17-2277-4767-9100-015c9b96223f,BT
Amye,Rockwill,,frockwill1b@pen.io,,F,1973-05-15,,IT
Anna,Clifft,Bernadine,bclifft1c@who.int,b7a79eb5-537a-43f9-a56d-0c33f665465c,F,1940-03-03,,MG
Red,Shelliday,Pernell,pshelliday1d@webs.com,,M,1928-08-24,7f6493a5-cc20-4247-aa02-1d2780891832,HR
Gib,Siemantel,Brody,bsiemantel1e@about.com,,M,2002-05-03,caf746c9-37c1-4f68-a91b-48a94a72f853,NI
Otes,Hanton,,mhanton1f@imgur.com,,M,1933-07-05,,BH
Helena,Pardoe,,npardoe1g@uol.com.br,9031ee70-54c2-4381-92b0-8b64506d3bc6,F,2007-01-30,,UZ
Yvon,Shovel,,eshovel1h@yahoo.com,cf54eb1a-103d-44ff-853e-1bec47605c1f,M,1960-06-09,,CO
Trescha,Height,,dheight1i@msn.com,,F,1943-01-05,9c2c5534-e64b-419b-8ffe-bf2ca8b3960e,LB
Zachariah,Lockery,,olockery1j@aboutads.info,bff7f3f0-4787-49a1-9889-99a556e97145,M,2010-08-10,,MR
Carilyn,Kenen,Angela,akenen1k@army.mil,,F,2011-05-16,,NZ
Putnam,Gittins,Nels,ngittins1l@stumbleupon.com,dec165ad-b4dd-47c3-aa5f-faab1c84b6d8,M,1973-05-23,,TR
Randolph,Ginie,,fginie1m@answers.com,744a1dd0-56a4-4f11-80bd-d28a7a51b4ea,M,1959-08-15,,PH
Barth,Killimister,Alard,akillimister1n@hc360.com,b3b3d5c9-5bc3-4150-8eca-e5e018a2b9df,M,2001-04-28,,BR
Daveen,Kubista,Isidora,ikubista1o@ovh.net,,F,1934-06-21,,LT
Germaine,Axup,,uaxup1p@mlb.com,,M,1956-07-15,,CV
Ganny,Ghirigori,,jghirigori1q@wsj.com,,M,1969-05-25,,MG
Kristine,Murphey,Filippa,fmurphey1r@scientificamerican.com,,F,1940-12-02,,JM
Bell,Pigne,Faunie,fpigne1s@moonfruit.com,,F,1977-03-27,,TR
Janey,Robertsson,,trobertsson1t@acquirethisname.com,,F,2016-12-31,a9ef6fff-bb0c-4cb0-9523-c3835e6d90df,KW
Lawry,Izakov,,wizakov1u@cyberchimps.com,,M,1946-09-15,,BG
Jone,Peile,Franchot,fpeile1v@latimes.com,,M,2008-01-18,,CM
Colene,Tanser,Bernita,btanser1w@archive.org,,F,1986-01-05,,CD
Sharline,Cansdall,,ecansdall1x@moonfruit.com,,F,1921-10-01,,UA
Brantley,Vogel,,nvogel1y@nhs.uk,db34cd65-7ecc-479a-a829-54342746bfaf,M,1954-09-14,,CD
Gordie,Clarridge,,rclarridge1z@storify.com,,M,1952-11-12,,IQ
Barrie,Morphew,Farly,fmorphew20@cyberchimps.com,4385d47c-b305-42e6-966a-68323928db32,M,1933-07-09,,BH
Emerson,Buller,,gbuller21@fastcompany.com,,M,1961-12-15,,AM
Clywd,Mansford,,smansford22@w3.org,69285a59-12b3-40cc-8823-73adee31d7e7,M,1974-02-19,d7ff37d2-8391-4827-958a-74878adaeb7c,NL
Veronike,Windmill,,dwindmill23@google.pl,525bde5b-0464-46a7-b71b-fcfc0a888327,F,2019-01-03,,KW
Pepi,Fuke,Mirelle,mfuke24@sourceforge.net,,F,1981-01-01,e7198ad3-deae-43c4-8bb3-71fc6cbfcc08,KW
Cullan,Hulance,Kin,khulance25@unblog.fr,,M,1982-08-01,,HN
Arielle,Timoney,Catha,ctimoney26@phpbb.com,cb5f8147-588d-47b9-ba17-67d9ad64aaae,F,1950-04-01,,BR
Lenard,Streader,,istreader27@comsenz.com,bed08733-65e2-42b7-9a8e-f7c11ee5a50d,M,1929-06-05,,ES
Calley,Sneaker,,csneaker28@1688.com,53dda0e0-25a7-45da-b53e-28cdcd6dfb2a,F,1925-09-11,dcfc173d-3565-4856-a481-742453a2162a,IR
Benny,Jaggar,Rossie,rjaggar29@cargocollective.com,,M,1926-12-09,,CR
Hilliard,Kirrens,,skirrens2a@sun.com,,M,1920-07-29,,AM
Leonard,Andreuzzi,,kandreuzzi2b@cornell.edu,,M,1953-03-15,,MT
Leicester,Joselevitch,,ajoselevitch2c@amazon.com,f863d9a9-5c3e-49fc-859c-50eacf1bc92f,M,1949-02-20,0b92f480-6765-4a71-bbf0-8a4c3b086258,TH
Bail,Orriss,,forriss2d@scribd.com,,M,1982-08-25,,BG
Brina,Tremblot,Aggie,atremblot2e@kickstarter.com,,F,1986-05-11,e4c8d10a-a631-4707-a641-3ef7290e27f0,ZA
Domenic,Spowage,Chip,cspowage2f@census.gov,6be2318a-4b19-4759-8e4d-6661fe278673,M,1990-04-23,,ZA
Maurita,Damarell,Harrietta,hdamarell2g@newyorker.com,,F,1953-01-09,92543c88-dd2c-4cc2-b955-099920999b31,TN
Tonye,Frise,,afrise2h@prlog.org,,F,1971-07-01,,TH
Natal,Towsey,,etowsey2i@sakura.ne.jp,5d696e9c-b457-4800-905e-d6cc9cb48a09,M,1942-08-12,,HR
Marcille,Dunthorn,Nicolle,ndunthorn2j@umich.edu,,F,1978-12-13,,GM
Miltie,Lelievre,,dlelievre2k@google.com.hk,,M,1995-03-23,,LI
Moishe,Bowdler,Ahmed,abowdler2l@paypal.com,,M,1950-10-07,7595b13e-633b-44c4-ae87-cc9e609a5939,KZ
Myra,Spark,,aspark2m@shop-pro.jp,,F,1982-06-16,,ID
Page,Fancott,Hollyanne,hfancott2n@linkedin.com,,F,1936-05-27,,GM
Hamnet,Turfrey,,lturfrey2o@bravesites.com,c63ac761-de5b-40ba-bf93-8cacd9939c25,M,1946-02-21,0cd6ca17-2277-4767-9100-015c9b96223f,GF
Bethanne,Pitcock,,kpitcock2p@jigsy.com,,F,1934-08-23,,AU
Claudius,Pochon,Thatch,tpochon2q@booking.com,,M,2011-11-07,,ES
Pamelina,Dumbrall,,ddumbrall2r@ocn.ne.jp,,F,1981-03-16,,TL
Barney,Bottoner,,mbottoner2s@soundcloud.com,,M,1937-05-22,,MY
Sheryl,Grzegorecki,,cgrzegorecki2t@yahoo.com,,F,2007-07-09,78327a1e-2fe1-44ee-9cb2-4b5f6fadd784,KZ
Artemas,Crippen,Rance,rcrippen2u@yale.edu,ae2f6b63-ec1e-4dd5-bfe4-c793bff4d069,M,1960-06-14,d473d334-97c2-440d-aa51-5b3af00ff5bb,UZ
Conny,Digance,,kdigance2v@squidoo.com,,M,1981-09-02,,KH
Aurilia,Connechie,,lconnechie2w@indiegogo.com,,F,1947-04-27,,CD
Temp,Conduit,,lconduit2x@google.com.br,,M,1983-08-03,,MU
Justina,Kittow,,jkittow2y@yahoo.co.jp,3921a34c-3ac8-48d3-b9c8-255de021e3b8,F,1965-11-17,,CY
Zaria,Ballefant,Delinda,dballefant2z@spotify.com,,F,1995-04-20,,BJ
Lorita,Sherwood,Freddy,fsherwood30@webmd.com,dca1460d-010c-41fb-83e2-2baf4ff3f583,F,1976-03-21,,LT
Nate,Laity,Archibald,alaity31@go.com,,M,1974-11-03,,NZ
Godart,Hanny,Pernell,phanny32@netvibes.com,,M,1987-08-21,,UA
Kasper,Terry,,fterry33@webnode.com,,M,1999-07-30,,TR
Zorana,Leidecker,Cherin,cleidecker34@dagondesign.com,283b0370-7a09-4cd0-9dc2-130c2b2d59cb,F,1981-10-01,85531aea-056d-402e-b5c2-95e056d0fabc,TH
Horatio,Diffley,,rdiffley35@shareasale.com,,M,2004-07-09,,ZM
Holden,Tollerton,Ryon,rtollerton36@desdev.cn,62c3129b-74f9-4d5a-86f8-2fd5b86ddf41,M,1946-09-16,,GR
Torin,Prozescky,,mprozescky37@ning.com,,M,2004-12-24,,CD
Leighton,Meers,Gerome,gmeers38@plala.or.jp,236f251a-489f-4ceb-b701-b12b480bd688,M,2018-01-17,844a5048-0682-40c2-b1ad-1db92c31b0bf,BH
Tedra,Winkell,,vwinkell39@360.cn,,F,1979-01-08,,NP
Rivalee,Sanson,,esanson3a@chicagotribune.com,,F,2007-07-13,,SI
Kale,Buttrey,Chic,cbuttrey3b@people.com.cn,3502d037-7121-4c79-a5f4-0173c139e4cd,M,1996-05-12,,AF
Rudolf,Vassman,,bvassman3c@house.gov,,M,1982-05-08,5ebf331b-b851-4ad9-8559-bc0f1bd71df1,CM
Ambrose,Sinfield,,msinfield3d@archive.org,1abbf16f-0a68-4d64-ba57-a06cbc256a2a,M,1954-05-05,,TD
Tiler,Leedes,,lleedes3e@hhs.gov,,M,1943-07-20,,BW
Marje,Tabb,Belle,btabb3f@friendfeed.com,,F,2004-10-06,,KR
Daffi,Clandillon,,aclandillon3g@hp.com,,F,1955-06-06,,MX
Linzy,Colleck,,gcolleck3h@skyrock.com,,F,1965-01-05,ba9247a7-9537-43d7-afe7-65c3e6a83ffe,TH
Joel,Mecchi,,smecchi3i@rediff.com,20dafa90-d6da-43a9-94dc-0bafa89e079a,M,1954-03-18,,MZ
Leroi,Borrel,Jervis,jborrel3j@ow.ly,,M,1953-03-30,,JO
Ruttger,Duignan,,hduignan3k@craigslist.org,,M,1987-01-08,ed5a3bd7-bc2e-44f8-b6bb-70cf2aef625b,IQ
Lynette,Abrahamson,,dabrahamson3l@instagram.com,c5e37b2a-c253-4ed0-abfd-5c33e62552a6,F,1958-06-06,,CU
Denise,Eardley,,heardley3m@jimdo.com,,F,1975-05-24,dcfc173d-3565-4856-a481-742453a2162a,PR
Kaleb,Stilling,Langsdon,lstilling3n@last.fm,,M,1974-04-14,,BY
Olivia,Caso,,dcaso3o@reddit.com,,F,1984-10-21,,SN
Kristal,Aps,,laps3p@amazonaws.com,,F,1994-11-07,,BT
Turner,Haithwaite,,shaithwaite3q@fema.gov,,M,1935-06-27,,HN
Jordan,O'Gready,,eogready3r@mozilla.com,,M,1959-12-08,,KG
Jule,Cornehl,,gcornehl3s@squarespace.com,,M,1938-09-19,,NE
Harmonie,Fagg,Lynnea,lfagg3t@de.vu,,F,1958-11-06,83732a3d-a53f-4604-af1b-fd1a11eb9318,PL
Jennee,Spargo,Junette,jspargo3u@sbwire.com,0a8cfd9d-35a3-4671-ad8b-2d3f3d363402,F,2001-11-30,92543c88-dd2c-4cc2-b955-099920999b31,IS
Leonidas,Pryke,,dpryke3v@mysql.com,,M,1942-05-15,741f5511-3b30-46b7-bfb1-34a94bfc8807,KG
Devi,Winslett,,awinslett3w@bbb.org,,F,1955-12-10,,GU
Cirilo,Olivia,,lolivia3x@disqus.com,,M,1971-08-29,,KH
Olive,Assard,Marchelle,massard3y@nydailynews.com,142052fb-cace-48ae-b4b7-fdf4dc5f8f7c,F,1961-12-08,,NG
Eyde,Ilchuk,,filchuk3z@netscape.com,92a88c09-3dd2-49a4-bbef-e70333b06ada,F,1990-05-01,,MD
Cullen,Spurett,Burch,bspurett40@squidoo.com,,M,2002-03-22,,NL
Nicol,Fallanche,Tris,tfallanche41@pagesperso-orange.fr,,M,1933-06-03,,CU
Corly,Bulfield,,abulfield42@fda.gov,,F,1950-01-25,,GR
Nerte,Crankshaw,Shannah,scrankshaw43@moonfruit.com,d7a9fe6a-4326-4566-8db2-169af1bbee0d,F,1975-07-06,,BF
Giovanna,Wetherick,,awetherick44@dell.com,,F,1922-03-25,,TH
Catharine,Jerratsch,,tjerratsch45@bravesites.com,,F,1961-12-04,,PL
Sibel,Kobsch,,gkobsch46@go.com,,F,1962-12-07,,VN
Kristo,Beldham,Justus,jbeldham47@slideshare.net,ca711715-8ccf-4775-b859-6c12cbf0b961,M,2010-01-20,,VN
Hortensia,Ferrant,Libby,lferrant48@harvard.edu,87e1a4d4-eb3c-4785-a1b0-0af7a398af3b,F,1985-07-23,,ES
Reina,Poytres,Nerissa,npoytres49@google.com.hk,,F,1923-09-01,,KE
Norry,Longhurst,,klonghurst4a@cbc.ca,,M,2008-04-28,,CF
Brien,Dulieu,Xever,xdulieu4b@t.co,,M,1958-02-16,,BA
Lissy,Woffenden,,bwoffenden4c@rediff.com,,F,1937-03-16,,FR
Austina,O'Curran,Josie,jocurran4d@geocities.jp,b8719767-6eb1-45a0-b398-3ca682dcf82c,F,1967-02-22,,SO
Lovell,Rault,Papageno,prault4e@unc.edu,,M,1933-11-21,,BT
Calypso,Wheaton,,fwheaton4f@marriott.com,,F,1965-07-04,,SO
Iseabal,Dishman,Therine,tdishman4g@theatlantic.com,71956873-8a1b-4bc4-97d2-62ffbf50f8a1,F,1962-09-22,,TZ
Caryl,Tarquinio,,htarquinio4h@msn.com,d697a5b8-feff-4dc1-aeba-b1f458ef62c7,M,1952-02-01,,NP
Genia,Worsfold,Caitrin,cworsfold4i@dedecms.com,,F,1962-11-04,,NE
Gaile,Gallahar,,mgallahar4j@fastcompany.com,,M,1933-02-17,,MG
Borden,Jewar,Ara,ajewar4k@sakura.ne.jp,,M,1920-08-16,,CF
Kaine,Larratt,,dlarratt4l@etsy.com,,M,1968-09-16,,MZ
Bev,McAlister,,cmcalister4m@storify.com,,F,1925-05-22,,PL
Marylinda,Paulig,,rpaulig4n@nba.com,d5833613-4b67-4315-9cd5-78022939cf6e,F,1966-02-12,8bf06db1-7f97-4a81-a0c4-f36622394793,ES
Whitman,Windle,Waylin,wwindle4o@trellian.com,,M,1979-01-26,,MA
Ginny,Whiley,,cwhiley4p@squarespace.com,dd142e5b-8e30-4db2-83c4-042772547080,F,2005-10-13,,CA
Nancie,Ruffler,,aruffler4q@deviantart.com,148a698a-22b6-45d3-95da-f60a76bce88b,F,1923-05-16,,YT
Martin,Henrichs,Read,rhenrichs4r@eventbrite.com,,M,1995-12-08,f93a4092-2f2b-4e36-b92c-4f21a1357ea6,AL
Lorens,Alexandersson,,jalexandersson4s@reuters.com,,M,1997-02-08,,ZM
Chevy,Pakenham,Finlay,fpakenham4t@pbs.org,,M,1996-06-10,,MU
Dalston,De Giorgio,,jdegiorgio4u@bloomberg.com,,M,2019-07-05,,CG
Mollie,Lambotin,Pamella,plambotin4v@multiply.com,1b51f82e-5fe2-4ec5-92a8-8a8ce02c2f63,F,1976-10-08,,AR
Ora,Bosomworth,,fbosomworth4w@nba.com,,F,1974-06-11,,BT
Alyse,Killcross,,akillcross4x@cisco.com,,F,2012-01-12,,TR
Alard,Muncie,Darrick,dmuncie4y@nasa.gov,,M,1943-01-12,,ME
Brittan,Trenholme,,htrenholme4z@hostgator.com,,F,1942-03-10,,JO
Bridie,Cutcliffe,,ncutcliffe50@ftc.gov,,F,1936-11-17,,HR
Gaspard,Clatworthy,,nclatworthy51@virginia.edu,,M,1954-07-05,,PH
Danna,Brims,,jbrims52@redcross.org,,F,1930-12-25,46c79eed-b504-43c2-9b13-719dba47c40c,TN
Lucille,Sainter,,asainter53@digg.com,,F,1933-07-09,efb8251b-3501-4f01-b898-9713821b5b81,CG
Lucius,Yakubov,,cyakubov54@cafepress.com,4fb2519e-997d-481e-8918-efeb1429c9ba,M,1989-11-21,0b92f480-6765-4a71-bbf0-8a4c3b086258,KE
Lowrance,Binley,,mbinley55@dot.gov,,M,1952-12-18,,YT
Jacenta,Onthank,,ronthank56@examiner.com,,F,1971-04-07,,SV
Kelley,Martinez,,dmartinez57@dion.ne.jp,,F,1953-04-15,,EG
Davidde,Battison,,hbattison58@behance.net,,M,1933-12-02,,YE
June,Jursch,,ajursch59@wikipedia.org,,F,1973-11-27,,DE
Olvan,Hancock,,rhancock5a@feedburner.com,,M,2002-08-10,,AZ
Susann,Courtois,,mcourtois5b@zimbio.com,38a32ace-f2db-4097-9c92-6f1307da6cad,F,1996-01-29,,SI
Therese,Shoulder,,sshoulder5c@army.mil,,F,1944-06-24,,YT
Philippine,Peepall,Kinna,kpeepall5d@wordpress.org,133867fc-49d3-4312-a9b5-462834779630,F,1982-02-14,,NO
Betsy,Burrows,Marjorie,mburrows5e@jimdo.com,,F,2013-11-14,,UZ
Harmonia,Fauguel,,mfauguel5f@nasa.gov,,F,2003-03-29,,YE
Elfreda,Amyes,,yamyes5g@google.ca,,F,1946-04-29,,CG
Stuart,Geaves,Massimo,mgeaves5h@loc.gov,,M,1942-01-10,,PR
Hurlee,Blyde,Gerardo,gblyde5i@sun.com,,M,1922-08-11,,NG
Teodora,Jakobssen,,rjakobssen5j@vkontakte.ru,a38d1e9d-9372-44d7-9a93-37c3a343c364,F,1946-09-12,,RS
Phylis,Dehm,,kdehm5k@ihg.com,e3f2f4e9-36d9-4d7d-85a2-499b760b2b2f,F,1944-08-08,,CU
Dode,Iczokvitz,Cairistiona,ciczokvitz5l@4shared.com,,F,2004-09-12,,EE
Liane,Keiley,,mkeiley5m@edublogs.org,3127c2f3-4326-4a86-a145-0466e6a1af87,F,2020-07-24,,UA
Durand,Spilisy,,cspilisy5n@mediafire.com,,M,1925-01-19,,MZ
Alisun,Flinders,Cass,cflinders5o@patch.com,,F,1933-04-04,9c2c5534-e64b-419b-8ffe-bf2ca8b3960e,BT
Paola,MacBarron,Anjanette,amacbarron5p@umn.edu,51b48df6-171c-404d-9b5c-5e702d15deae,F,1923-03-04,,SE
Janetta,Lange,Sharity,slange5q@springer.com,4840bea8-7187-4999-9f9a-01781778c7e7,F,2013-06-17,,NZ
Keefer,Davenhall,Angus,adavenhall5r@slate.com,,M,2004-02-01,,MU
Khalil,Vaugham,Klaus,kvaugham5s@opera.com,c61d359c-f95c-46b1-a6f6-c9881df53e78,M,1975-02-22,,SB
Jud,Emburey,Glendon,gemburey5t@jalbum.net,,M,1957-01-01,,KR
Lynde,Corran,,kcorran5u@microsoft.com,,F,1986-04-11,8912cee3-f329-4dfc-9f4b-06bfd225de2a,KG
Marielle,Prater,,aprater5v@netscape.com,,F,2015-05-13,,KM
Bart,Jeaneau,,jjeaneau5w@tinypic.com,,M,1983-03-30,85531aea-056d-402e-b5c2-95e056d0fabc,RU
Normy,Maffin,Craig,cmaffin5x@plala.or.jp,,M,2011-06-14,,LB
Westbrooke,Ansill,Geri,gansill5y@biglobe.ne.jp,,M,1959-03-06,f26c0a99-0b95-4e39-a48a-b39c160efe93,UA
Stan,Mielnik,Kippie,kmielnik5z@chron.com,ee506698-ca97-4220-b10b-39ddde92c5cf,M,1925-11-26,,PT
Cassy,Vequaud,Eba,evequaud60@telegraph.co.uk,,F,1987-11-12,844a5048-0682-40c2-b1ad-1db92c31b0bf,AD
Victoir,Codrington,,scodrington61@cdc.gov,,M,1921-12-12,,TZ
Udale,Escott,Sigvard,sescott62@blinklist.com,,M,1959-04-25,,LT
Lanette,Blanshard,,ablanshard63@ow.ly,,F,2004-01-16,,MA
Ardisj,Peschke,,apeschke64@facebook.com,2bfc182b-d060-4dcc-86c3-724cde4cd818,F,1920-10-14,5ebf331b-b851-4ad9-8559-bc0f1bd71df1,CR
Rolph,Balhatchet,Miguel,mbalhatchet65@mlb.com,,M,1996-09-12,,TL
Giff,Revel,Onfroi,orevel66@shop-pro.jp,,M,2012-04-10,67ba52fc-738d-442f-93e4-ecbb617026fc,SV
Datha,Lindeberg,Miguelita,mlindeberg67@squarespace.com,,F,1990-08-14,,BT
Gradeigh,Blodg,Stewart,sblodg68@dedecms.com,0aa23b52-c5cb-4db1-83ee-54cae2fa433d,M,2001-07-20,,MK
Shawn,Rickeard,,crickeard69@domainmarket.com,41809be6-d4cd-4d16-9264-969395f0f59e,M,1955-01-16,,LS
Meggy,Ommundsen,,tommundsen6a@toplist.cz,,F,1964-05-01,,BY
Griffie,Sorrell,Brandtr,bsorrell6b@weibo.com,,M,1998-03-14,,US
Faustine,Bothen,Margaretha,mbothen6c@cdbaby.com,,F,1996-06-12,,KM
Junia,Boribal,,hboribal6d@de.vu,,F,1928-08-26,,MX
Konstantin,Gillam,,mgillam6e@smugmug.com,ed454aab-a1a3-4ee3-807e-cfe5b791c5ce,M,1926-11-26,,NI
Ashleigh,Frosch,,sfrosch6f@house.gov,d8fbfe87-2d89-4f39-9bf2-e0d56aaa4e96,F,2005-04-22,,TL
Simeon,Rogerson,,progerson6g@imgur.com,,M,1999-06-06,46c79eed-b504-43c2-9b13-719dba47c40c,BF
Gerladina,Reuter,,creuter6h@sourceforge.net,,F,1940-10-15,efb8251b-3501-4f01-b898-9713821b5b81,KE
Paolina,Domonkos,,jdomonkos6i@oaic.gov.au,,F,1929-07-31,,PK
Jordain,Lauret,,alauret6j@elpais.com,,F,1995-08-05,,KM
Janaye,Peaker,,npeaker6k@dmoz.org,05d31c9f-528d-409c-a671-693151bc3463,F,1985-03-09,,PH
Corilla,Barrasse,Joelly,jbarrasse6l@independent.co.uk,,F,1926-03-04,,SN
Mahmud,Adams,,kadams6m@ebay.com,,M,1966-08-01,92543c88-dd2c-4cc2-b955-099920999b31,BJ
Merlina,Gilhool,Kore,kgilhool6n@macromedia.com,,F,1994-03-26,,GB
Moselle,Hickford,Elga,ehickford6o@earthlink.net,3815238a-ccc2-44c4-b5d4-bd78565760a9,F,1973-02-01,,GU
Amos,Storkes,,wstorkes6p@ezinearticles.com,13b519be-bfea-48ed-8997-59dfcbd8c8b9,M,1990-11-03,,SI
Michaela,Canland,,rcanland6q@apache.org,,F,2016-07-18,,CO
Menard,Cosgrove,,ycosgrove6r@cdbaby.com,,M,2006-11-01,,UG
Cristy,Baccas,,nbaccas6s@google.co.jp,,F,1937-04-05,,GU
Tris,Braganza,,jbraganza6t@businessinsider.com,,M,2002-01-21,,PG
Lulu,Rogister,,grogister6u@microsoft.com,,F,1945-06-18,,RU
Justino,Raw,,araw6v@home.pl,481b881a-f305-4004-9dcf-31450ae26d6a,M,1952-03-12,,AR
Kennett,Hayward,Feliks,fhayward6w@netvibes.com,,M,1992-05-04,,UG
Cristy,Zupone,,azupone6x@blogs.com,40be9626-025e-4af0-92d1-ede88350e481,F,1958-01-05,,VN
Molly,Teas,,pteas6y@harvard.edu,4e087c26-f062-4717-a3c5-952b79c7d33e,F,1979-03-31,,MX
Toddie,Whillock,Rustie,rwhillock6z@sourceforge.net,,M,2000-08-09,,TR
Denyse,Maclean,,jmaclean70@chronoengine.com,,F,1928-01-20,,GF
Nolana,Crush,,jcrush71@newyorker.com,,F,1962-12-20,6f0b4ac9-570e-424a-84b2-1c67fb7d94c3,MY
Wileen,Giacopini,,ggiacopini72@miitbeian.gov.cn,b3880593-6b14-4c2f-ba79-24106a35435e,F,1957-12-29,,FM
Eartha,Winthrop,,cwinthrop73@scientificamerican.com,18f193bb-28ab-4325-b1ce-9afd289ed781,F,2001-08-29,,IL
Nadeen,Feedome,Avril,afeedome74@google.es,,F,2018-06-24,,BH
Klara,Grendon,Giralda,ggrendon75@timesonline.co.uk,,F,1975-10-18,,KR
Chrystal,Sedgeworth,,ksedgeworth76@nsw.gov.au,f8d2c2ca-8968-429c-8bdc-da27eb0174c6,F,2004-10-17,,AF
Minetta,Adrianello,Katya,kadrianello77@privacy.gov.au,,F,1957-07-03,,ZM
Eden,Jaime,,sjaime78@amazon.co.uk,5184bb8b-49e9-4c1f-bd5d-c0d9117eceea,F,1967-03-06,,NP
Fanchon,Toffoletto,Debra,dtoffoletto79@businesswire.com,0732609e-564d-4497-8db7-cd6ff1ec86eb,F,2020-06-28,3f79308e-01ce-43e6-b3f1-b99fb0f3d069,MD
Sharlene,Regitz,Anjanette,aregitz7a@xing.com,,F,1993-09-09,,GR
Constantino,McLukie,Kenton,kmclukie7b@drupal.org,0470357f-0507-4e95-95c2-492259cf62d8,M,1949-09-07,,PY
Tobiah,Winslow,,ywinslow7c@wsj.com,,M,2010-08-22,,PT
Morgana,Peppin,Adrianna,apeppin7d@cisco.com,,F,1996-07-31,,AM
Isiahi,Creane,Peder,pcreane7e@360.cn,,M,1954-01-12,844a5048-0682-40c2-b1ad-1db92c31b0bf,LV
Karrie,Doiley,Janelle,jdoiley7f@mit.edu,,F,1967-07-29,,TL
Silvain,Leighton,,rleighton7g@imdb.com,,M,1970-02-07,d6b4df20-b3c1-4fb6-82e6-85060d95d787,SY
Janette,Raphael,Leanna,lraphael7h@phoca.cz,,F,1963-11-06,,BF
Esme,Sanz,Maggi,msanz7i@bigcartel.com,bdefd4c2-1fcf-4033-9bd8-f9035e9f9c9e,F,1979-11-06,,HU
Ryun,Weildish,,rweildish7j@instagram.com,,M,1928-01-01,,AL
Thane,Dalglish,,sdalglish7k@nsw.gov.au,fc1c33b4-4620-45fe-90c6-f6eba49b4b4b,M,2012-08-23,67ba52fc-738d-442f-93e4-ecbb617026fc,NL
Flor,Banister,Adelheid,abanister7l@mtv.com,,F,1950-09-27,,PR
Gillan,Colson,Wilow,wcolson7m@wordpress.com,a972cab5-1d13-4188-8530-c492ce38610f,F,1974-09-06,,SI
Cynthea,Darnell,Cory,cdarnell7n@google.ca,,F,1995-02-01,ba9247a7-9537-43d7-afe7-65c3e6a83ffe,BH
Asher,Wenban,,hwenban7o@mac.com,f63d1fdf-fa60-4f43-b8c3-599f94459d8f,M,1976-03-18,,ID
Elane,McNeachtain,,kmcneachtain7p@scientificamerican.com,7c98f1db-a9fe-4674-bfe9-0506eff2e762,F,1984-03-30,c53c6609-8a3c-4c0c-b5bb-210a2bfb0fe8,NO
Reed,Harradence,,lharradence7q@wisc.edu,,M,1940-02-09,,CR
Shermie,Brockway,,dbrockway7r@qq.com,,M,2009-12-18,b260442f-fae0-4e03-a277-3caedb684a98,IL
Jone,MacHostie,,amachostie7s@nifty.com,,M,1978-03-30,,BR
Nydia,McPhelimey,Cate,cmcphelimey7t@ibm.com,3c6aea6d-46a3-4b76-886f-076b9c76ffe3,F,1967-09-09,,BY
Augustin,Burtwistle,,fburtwistle7u@liveinternet.ru,,M,1929-01-29,46c79eed-b504-43c2-9b13-719dba47c40c,DE
Jermayne,Braley,,wbraley7v@unesco.org,,M,1938-06-05,,CN
Nevile,Wormleighton,Judon,jwormleighton7w@nationalgeographic.com,,M,1986-10-27,,IQ
Ainsley,Marcroft,Dreddy,dmarcroft7x@purevolume.com,,F,1980-12-25,311e1fd5-e598-4b92-81ae-da9f6984566c,CY
Raphael,Greaterex,,jgreaterex7y@cornell.edu,08971514-bc2d-4242-a050-aacf1e7db102,M,1937-01-07,,CM
Gretta,Redhead,,fredhead7z@home.pl,7ca45a70-3066-4de4-9969-bf10eda88543,F,1954-10-01,,JO
Veda,Cashmore,Elaine,ecashmore80@digg.com,,F,1969-09-23,,PY
Julieta,Kennler,Addia,akennler81@jiathis.com,fb258705-94cf-4905-9bf7-64b097dafdac,F,2019-02-03,,IL
Ingar,Benzi,,hbenzi82@hud.gov,,M,1981-03-23,26f7bb5c-f7f6-423d-a2ae-81be48f3ca26,NI
Kalie,Tofanini,,dtofanini83@economist.com,,F,2000-09-27,,CR
Isaiah,Athy,,dathy84@wiley.com,fec77bca-0088-4c92-9274-f75e0fffa3e9,M,2013-01-05,5b14c536-79b0-40ec-9aee-73b4d5834061,MX
Anetta,Crossgrove,,mcrossgrove85@dropbox.com,,F,1987-04-30,,PT
Arie,Redhead,Giffie,gredhead86@un.org,eedc94a0-6be0-4f03-b57e-9535df89d0c4,M,1965-10-25,,SV
Bell,Tschirschky,Joni,jtschirschky87@cornell.edu,,F,2008-01-06,,BF
Ardisj,Cassar,Barry,bcassar88@ustream.tv,,F,2011-07-21,0cd6ca17-2277-4767-9100-015c9b96223f,SE
Renee,Craisford,Nisse,ncraisford89@furl.net,,F,1990-08-23,,ZA
Torrin,Wheeler,Archibold,awheeler8a@census.gov,,M,1995-03-13,,NL
Kakalina,Himsworth,,lhimsworth8b@netvibes.com,,F,1981-01-04,,CN
Trumaine,Drew,Barnett,bdrew8c@omniture.com,ccd74320-73fa-4501-9425-08290775dd8f,M,1938-01-13,,HN
Vittoria,Ditter,,wditter8d@cbc.ca,642b86ac-68c3-42d0-a58d-eed4b77502df,F,1983-09-19,,SY
Ameline,Coggen,,scoggen8e@list-manage.com,1266f627-a4d4-46c2-9bf0-360e4417e5b7,F,1931-05-07,,MZ
Mollee,Frankcom,Laina,lfrankcom8f@wsj.com,,F,2007-05-08,,MG
Alayne,Delouch,,tdelouch8g@howstuffworks.com,654d0231-cf82-412e-8b33-2fc2758937fa,F,1969-08-17,,MZ
Lyle,Tansley,Ravi,rtansley8h@geocities.jp,e7f18d61-2593-4436-aa7d-8da8bfe90368,M,1996-05-01,,ES
Laurel,Culvey,Timmy,tculvey8i@example.com,,F,1983-03-03,,PH
Romola,Larter,,mlarter8j@comcast.net,,F,1945-03-10,,PG
Thorin,O'Lagene,,molagene8k@ehow.com,8bbdb0e3-89ae-4ce7-9d13-4d280c04b4bb,M,2015-05-26,,NZ
Gusti,Seifenmacher,,jseifenmacher8l@nyu.edu,,F,1930-10-15,,SI
Ursola,Debnam,,mdebnam8m@parallels.com,58f21917-9e28-450d-8236-60ed3baa5c94,F,1983-08-27,,GB
Bryce,Derrington,Siffre,sderrington8n@ucoz.ru,,M,1952-07-04,,HN
Seth,Straw,,cstraw8o@nytimes.com,,M,1959-01-21,,US
Enriqueta,Studdeard,,sstuddeard8p@usa.gov,,F,1945-11-16,,AM
Cello,Binford,,cbinford8q@unblog.fr,,M,1963-11-16,,GR
Isaac,Cawt,,bcawt8r@google.fr,18ce9996-300d-4ad4-a999-f1e4900b3ab3,M,1972-05-15,,CR
Catharine,Bellew,Amara,abellew8s@cnn.com,8a0cee56-1e43-4a46-a297-745eb897aff1,F,1930-08-05,,NL
Emlynn,Callow,,rcallow8t@bizjournals.com,,F,1926-02-06,,BW
Michaella,Hurleston,,shurleston8u@mail.ru,,F,1988-02-07,,SN
Graehme,Henden,,ihenden8v@miitbeian.gov.cn,,M,1942-11-05,,BH
Rainer,Wollers,,awollers8w@about.com,,M,1934-03-03,5ebf331b-b851-4ad9-8559-bc0f1bd71df1,MA
Douglass,Lude,,flude8x@csmonitor.com,,M,1938-02-21,,CG
Floris,Najera,,wnajera8y@google.com,a0f86558-4ccd-4db3-9d90-4987bc8867e4,F,1930-07-23,,MD
Sigvard,Chaloner,Ferrel,fchaloner8z@aboutads.info,d0816d7c-a8f6-47f5-ab1f-dcdcce1b327e,M,1921-06-25,,MG
Hamilton,Skedge,,jskedge90@ocn.ne.jp,,M,1936-08-23,,YT
Caz,Johann,Westley,wjohann91@fc2.com,5b8e1f66-4c3b-410d-9ea7-55a4d1132fec,M,1963-01-07,,MN
Olimpia,Savory,Ruthy,rsavory92@wix.com,,F,1980-06-02,,MK
Car,Brewse,Luce,lbrewse93@aboutads.info,,M,1971-06-03,,MG
Sheffield,Wackett,Ted,twackett94@blogspot.com,,M,1977-05-26,,VN
Vinny,Chipchase,,cchipchase95@utexas.edu,,M,2001-12-23,,SO
Cheslie,Maudett,Antonia,amaudett96@telegraph.co.uk,,F,1930-10-01,,JO
Jonas,Winward,Darren,dwinward97@opera.com,,M,1985-02-11,,VN
Glenn,Ccomini,,eccomini98@cargocollective.com,c915379e-e4d6-4c2b-b2dd-fef5c20d15da,F,1987-09-20,46c79eed-b504-43c2-9b13-719dba47c40c,AZ
Elijah,MacParlan,,pmacparlan99@reddit.com,,M,1945-10-03,,CO
Onfre,O'Bradain,,sobradain9a@qq.com,,M,1968-11-27,,JO
Goldie,Sackur,,ssackur9b@github.com,,F,2002-09-01,,AU
Joseito,Van der Kruijs,,tvanderkruijs9c@vinaora.com,9675c14a-bd75-4b42-ad63-b3f8da300ffe,M,1981-01-21,,SO
Kenna,Albutt,,malbutt9d@baidu.com,ffb0951a-8266-473f-8c62-3b92e605b21f,F,1998-04-16,,SN
Zorana,Tonbridge,Laurianne,ltonbridge9e@businessinsider.com,6ecb3ad2-549e-4cbf-ba8b-1fde97c80605,F,1924-04-29,,MA
Gawen,Trainor,,ctrainor9f@earthlink.net,049af111-f45e-44d4-950f-9f095b59f06e,M,1947-01-07,,MU
Celle,Kellock,,hkellock9g@reverbnation.com,,F,1955-06-15,26f7bb5c-f7f6-423d-a2ae-81be48f3ca26,PL
Edi,MacGillivrie,,dmacgillivrie9h@canalblog.com,,F,1921-09-05,88e88acd-98ba-4e7d-bc3e-a8936520ba0b,PE
Ulises,Leap,Whitby,wleap9i@hp.com,,M,1925-03-21,5b14c536-79b0-40ec-9aee-73b4d5834061,NG
Madalyn,Ridolfi,,aridolfi9j@delicious.com,,F,1971-01-06,7595b13e-633b-44c4-ae87-cc9e609a5939,CM
Alejandrina,Wyldes,Claudie,cwyldes9k@topsy.com,,F,1955-09-14,,PK
Brantley,Gall,Fulton,fgall9l@bluehost.com,,M,1949-04-26,,PL
Blane,Micklewright,,mmicklewright9m@purevolume.com,,M,1969-10-13,,CY
Gaelan,Janda,,bjanda9n@prlog.org,,M,1985-04-07,,UZ
Judd,Durdy,Husein,hdurdy9o@ucsd.edu,,M,1989-06-30,,BH
Shanan,Danielot,Nevile,ndanielot9p@yahoo.com,,M,1926-01-09,7f6493a5-cc20-4247-aa02-1d2780891832,EE
Darrin,Allchorn,Cale,callchorn9q@guardian.co.uk,,M,1922-07-06,,BY
Kriste,Eyckel,,qeyckel9r@ustream.tv,,F,1985-01-13,,EE
Zara,Goggin,Dolly,dgoggin9s@smh.com.au,,F,2000-10-30,,PS
Laure,Skeath,,tskeath9t@gizmodo.com,,F,1997-08-24,,AF
Sampson,Hitcham,,ehitcham9u@google.pl,b2b51953-ce69-46ed-aecf-f1dbb5a4f0f3,M,1927-08-31,9c2c5534-e64b-419b-8ffe-bf2ca8b3960e,PS
Antonius,Veltman,,xveltman9v@mlb.com,103f394e-38ec-4ca8-a93f-bfadee6e14b3,M,1990-04-14,,BJ
Renate,Yakunkin,,myakunkin9w@bloomberg.com,,F,1965-03-09,,AM
Carny,MacIlhargy,,mmacilhargy9x@drupal.org,,M,1962-10-21,bcb3372f-b5fc-4bf0-ae5a-940a1d02b80b,MR
Roth,Jakubowski,,bjakubowski9y@oaic.gov.au,d04dfa72-c5ed-4337-aa75-b8167458a497,M,1981-03-26,,CO
Arnie,Durrell,,cdurrell9z@wordpress.org,4a63a9de-3bc7-44b9-ba6e-eff74f3bff5e,M,1931-10-28,,DE
Seamus,Bassilashvili,Dalis,dbassilashvilia0@oakley.com,,M,2011-12-02,,BT
Simeon,Howick,,jhowicka1@wsj.com,,M,1959-04-13,3f79308e-01ce-43e6-b3f1-b99fb0f3d069,BF
Binnie,Odlin,,lodlina2@google.com.br,fbd86fe4-c976-4833-9c19-c75e9d426585,F,1958-06-30,85531aea-056d-402e-b5c2-95e056d0fabc,TH
Elfie,Mallon,,smallona3@dedecms.com,,F,1970-12-09,,AZ
Tami,Chandlar,Tami,tchandlara4@cyberchimps.com,,F,1945-09-02,,SV
Dilan,Mulrean,Allen,amulreana5@histats.com,2df79d57-6e1a-44ad-895f-79fd4ed467f5,M,1990-01-31,,KH
Bil,Wondraschek,Arie,awondrascheka6@aol.com,,M,2001-08-16,,CV
Cchaddie,Fothergill,,jfothergilla7@comsenz.com,,M,1921-10-06,,KH
Margarette,Troucher,,atrouchera8@odnoklassniki.ru,,F,2018-08-16,,CA
Dael,Pinnick,,bpinnicka9@msu.edu,,F,2008-12-27,,AF
Karlis,Temporal,,ltemporalaa@buzzfeed.com,,M,1991-02-01,,CR
Bunny,Bortolussi,,gbortolussiab@opensource.org,9d80c710-bf06-49d1-b6e8-556f137e1629,F,2014-12-16,,GU
Normie,McKellar,,smckellarac@marriott.com,,M,2017-08-18,,KZ
Alejandro,Handrik,Levin,lhandrikad@facebook.com,,M,2020-08-14,,PT
Nicola,Vize,,bvizeae@sina.com.cn,,M,1933-06-02,,CZ
Vick,Leavold,,fleavoldaf@google.co.jp,,M,1998-10-17,,CY
Carlita,Scarff,,ascarffag@123-reg.co.uk,,F,2015-06-07,,CV
Shurlocke,Northill,Ermin,enorthillah@comsenz.com,,M,2010-04-14,,MX
Cort,Blaxall,Sullivan,sblaxallai@comcast.net,,M,1963-07-10,ed5a3bd7-bc2e-44f8-b6bb-70cf2aef625b,YE
Philippa,Kernaghan,Leann,lkernaghanaj@bloglines.com,f0d81ea9-8423-41e4-a2d1-5b81e7195eca,F,2015-09-26,,NO
Verena,Blacksell,,fblacksellak@list-manage.com,,F,1997-06-04,dcfc173d-3565-4856-a481-742453a2162a,CO
Elwood,Christie,Fransisco,fchristieal@upenn.edu,,M,1929-06-05,,NP
Lauraine,Rolingson,,frolingsonam@indiatimes.com,,F,1960-04-25,46c79eed-b504-43c2-9b13-719dba47c40c,LB
Neala,Milberry,,vmilberryan@deviantart.com,525576a9-8ff1-491e-a0be-5aae7b870a44,F,1973-07-02,efb8251b-3501-4f01-b898-9713821b5b81,BR
Eleanora,Hardaker,April,ahardakerao@amazon.co.jp,7c202cd2-61b7-4465-b235-b387c8065345,F,1992-08-02,,NP
Demetris,Beany,,jbeanyap@webs.com,,F,1922-02-16,,CY
Fredrika,Moisey,Laurice,lmoiseyaq@addthis.com,7be082ca-cb5f-4391-b693-2e4cfcbdfe9f,F,2020-01-03,,GF
Robinette,Joint,Alecia,ajointar@phoca.cz,d5b5be5c-79a2-4d44-8f46-523648266621,F,1923-09-19,,ES
Amara,Grain,,bgrainas@harvard.edu,,F,1937-06-28,,YT
Shea,Mungham,Charline,cmunghamat@ihg.com,,F,1963-10-08,,IE
Milt,Dossettor,,mdossettorau@soup.io,0e5e4dd6-de98-4f4b-b278-5da9d707e1ce,M,2002-04-25,,AM
Myrlene,Wynn,,rwynnav@quantcast.com,caaa6989-29f5-4c66-aa45-0bb9aea7df13,F,1999-03-13,,IT
Elna,Umfrey,,oumfreyaw@networkadvertising.org,,F,1965-05-05,5b14c536-79b0-40ec-9aee-73b4d5834061,NZ
Barde,Walrond,,fwalrondax@bing.com,44ade85f-274e-4d15-82e0-b97c77be317f,M,2007-07-26,,AU
Ham,Tame,,rtameay@weather.com,,M,1989-01-18,53a454ae-3b69-4974-8b98-8ae8ba799c80,CR
Elana,Hucknall,Kacy,khucknallaz@github.com,,F,1972-04-07,,DK
Rodd,Chatters,Hastings,hchattersb0@google.co.jp,,M,2000-11-16,,IQ
Avis,Jobbins,,njobbinsb1@apple.com,873b98f0-d334-4015-b08e-74babe866122,F,2014-11-04,,HU
Viola,Clemoes,Saree,sclemoesb2@freewebs.com,,F,1926-05-19,,CF
Ardath,Fownes,,mfownesb3@myspace.com,ebf1ba1e-3a10-435e-ae67-a819ea15ff6d,F,1966-07-13,7f6493a5-cc20-4247-aa02-1d2780891832,YT
Jeno,Paffett,,ppaffettb4@desdev.cn,,M,2011-11-19,,CD
Rene,Franzelini,,dfranzelinib5@themeforest.net,,F,1987-04-19,,TH
Base,Kidwell,Lonny,lkidwellb6@mashable.com,,M,1938-04-15,d473d334-97c2-440d-aa51-5b3af00ff5bb,CN
Krisha,Hearon,Witty,whearonb7@eepurl.com,31d3afa4-dbff-473e-b454-7bc3f71030e4,M,1935-06-25,6f0b4ac9-570e-424a-84b2-1c67fb7d94c3,TZ
Johann,Baude,,abaudeb8@apple.com,,M,1922-11-02,9c2c5534-e64b-419b-8ffe-bf2ca8b3960e,NZ
Arlin,Dood,,gdoodb9@mashable.com,,M,1987-10-27,e8644279-4d45-4e52-acc0-16e9e07273fb,EE
Rosalynd,Rubinowitz,Robinetta,rrubinowitzba@chron.com,,F,1948-02-27,005d9f53-a4ef-41ab-8cc1-557833a84b2f,YT
Abey,Edgars,,cedgarsbb@amazon.co.jp,,M,1974-01-17,,IS
Bethena,Camamile,,lcamamilebc@ning.com,77424f7f-3f58-49c1-8f9d-b792c2b8d8a2,F,1947-09-16,,IL
Bambie,Grigoryev,,sgrigoryevbd@abc.net.au,cbf6d98b-9fb3-4816-8e87-1253f2aeb265,F,1924-02-03,,KW
Casper,Ellar,Pip,pellarbe@wikimedia.org,,M,1965-12-20,,KZ
Yvor,Sirmon,,msirmonbf@ovh.net,,M,1920-11-15,,NZ
Abbey,Burchett,,bburchettbg@noaa.gov,,M,1965-11-02,,GT
Aylmar,Shingfield,,wshingfieldbh@google.co.jp,,M,1972-02-29,,KR
Malina,Parkey,,lparkeybi@vimeo.com,,F,2020-06-05,f26c0a99-0b95-4e39-a48a-b39c160efe93,CR
Emily,Rigge,,ariggebj@cnet.com,1c0bfe53-fad5-4eee-9b3e-477437157df5,F,1926-12-22,,KW
Tersina,Hince,Ilise,ihincebk@cnet.com,3758eddb-640b-483d-ba56-82484d0da524,F,2001-10-06,844a5048-0682-40c2-b1ad-1db92c31b0bf,SV
Fredra,MacAiline,,lmacailinebl@omniture.com,,F,1984-11-07,,JM
Basil,Stanyforth,Elwin,estanyforthbm@archive.org,,M,1979-12-05,,NE
Timmie,Wadeson,,dwadesonbn@nps.gov,f3019be3-7b27-4595-913b-a6d38584d013,M,2014-04-21,,GP
Welbie,Bywater,Ephrayim,ebywaterbo@dailymail.co.uk,,M,1983-06-17,,CN
Cullan,Stainland,,gstainlandbp@nbcnews.com,,M,1945-07-05,,FM
Stacey,Minghi,,aminghibq@exblog.jp,7d0759c1-7801-4413-92bd-242bb475285c,F,1963-04-14,,BT
Cornelius,Borrie,,cborriebr@imageshack.us,,M,2007-01-07,22ac07e4-aa51-4a77-b772-abfb96782f45,TL
Kent,Klimko,,gklimkobs@ebay.com,109815f9-a68e-4e0d-9f9e-f9da3dbe6215,M,2018-06-15,,CG
Jasmina,Penn,,ppennbt@earthlink.net,c4c1340e-68db-4972-9fa1-57ec44b33c30,F,2006-09-07,,AD
Evangeline,Kerrod,,mkerrodbu@earthlink.net,,F,1939-04-23,,SI
Arlan,Cannam,,rcannambv@state.tx.us,a13bc00b-eec7-4d4f-a64b-46c77bd2b8b0,M,1924-07-16,,SB
Monti,Graeme,,pgraemebw@smugmug.com,4cddf67a-c771-4f4c-b4d0-3ab2ca7bc67e,M,2012-04-22,,BA
Emmery,Enrrico,,jenrricobx@time.com,,M,2002-02-16,,KR
Erwin,Gebhard,,ggebhardby@ucsd.edu,,M,1933-06-17,,GB
My,Verrell,Jereme,jverrellbz@about.com,,M,1975-07-08,ad8e6d99-735c-46b4-8d8c-368e2bcd4261,EE
Ogdon,Burel,,qburelc0@cocolog-nifty.com,1d256609-73ec-479d-a097-6cd9f0d38c00,M,1979-06-07,46c79eed-b504-43c2-9b13-719dba47c40c,TD
Beau,Aldhous,,aaldhousc1@nbcnews.com,,M,2007-04-09,,CR
Una,Georger,,ggeorgerc2@marriott.com,b78e985e-d92d-4890-95d6-70c2e43f76fb,F,1954-01-17,,LI
Nanine,Cragell,Sherilyn,scragellc3@comsenz.com,,F,1926-08-31,,IR
Vicky,Sunock,Simonette,ssunockc4@prlog.org,23738af1-9e36-4398-9e09-35f17a763ba9,F,1995-10-31,,AD
Em,Eidler,,reidlerc5@mysql.com,853ffca9-1eec-40da-b82c-f0a7d11241ea,M,2020-03-27,83732a3d-a53f-4604-af1b-fd1a11eb9318,AL
Alexei,Minelli,,sminellic6@tmall.com,,M,1922-12-15,,PK
Nissy,Krollman,,skrollmanc7@ovh.net,,F,2019-11-05,,MT
Minda,Sollett,,tsollettc8@blogtalkradio.com,,F,1957-09-20,,IE
Raffaello,Bick,,rbickc9@sitemeter.com,,M,1998-04-30,,MX
Euell,Torrese,Templeton,ttorreseca@newsvine.com,,M,2004-04-19,,NE
Sammie,Pidgeon,Osborne,opidgeoncb@time.com,,M,1969-12-15,,MG
Allyson,Keyser,,kkeysercc@hugedomains.com,ddf1e4d5-f8e5-4ad9-a4fb-41b6933e4e67,F,1962-08-24,,RU
Leilah,Dover,Ashleigh,adovercd@ifeng.com,79e6bee3-56b9-45c2-8278-bc2d39f9d939,F,1997-01-23,,GF
Berke,Baake,Niven,nbaakece@csmonitor.com,,M,2008-09-04,,CN
Sharron,Gonneau,,rgonneaucf@aboutads.info,,F,1991-04-21,79ae18ca-fe19-4af4-82fc-97299a57eb10,JP
Ryun,Timmons,,ltimmonscg@theguardian.com,,M,1923-04-16,,MG
Quinlan,Goldthorp,Stacy,sgoldthorpch@google.com.br,,M,1943-03-18,,HU
Franciska,Soppit,Leona,lsoppitci@earthlink.net,,F,1926-10-08,,EG
Leonie,Jentzsch,,djentzschcj@cnet.com,,F,1949-06-24,,CA
Sharity,Norcliffe,Wilie,wnorcliffeck@vistaprint.com,,F,1954-11-10,,LV
Vasily,Bridgens,,jbridgenscl@ftc.gov,,M,1992-07-11,,SO
Nil,Devennie,Jareb,jdevenniecm@hubpages.com,,M,2006-12-30,,ZA
Tansy,Arkcoll,,barkcollcn@last.fm,0cf4d187-c430-4e61-99be-29217ef2f26a,F,2003-06-19,,CZ
Nil,McGillicuddy,,emcgillicuddyco@reverbnation.com,,M,1962-08-09,005d9f53-a4ef-41ab-8cc1-557833a84b2f,JO
Ellary,Delieu,Rutherford,rdelieucp@parallels.com,,M,1939-02-01,,FR
Laurena,McKue,,lmckuecq@alexa.com,20da1a9b-1bf7-40c3-8b69-47505e8de407,F,1926-05-13,,TH
West,Meran,,emerancr@europa.eu,,M,1966-08-03,,MA
Filip,Arents,,darentscs@mayoclinic.com,,M,1921-10-04,,TD
Meryl,Lilleman,,wlillemanct@i2i.jp,,F,2009-01-08,,DK
Cull,Levison,,dlevisoncu@netscape.com,,M,1997-04-01,85531aea-056d-402e-b5c2-95e056d0fabc,CN
North,Constantine,Osborne,oconstantinecv@army.mil,,M,1922-12-20,,CM
Anatollo,Kipping,Harris,hkippingcw@quantcast.com,,M,1977-07-30,,NE
Mickie,Marchment,Fonsie,fmarchmentcx@theglobeandmail.com,,M,1933-10-17,a9ef6fff-bb0c-4cb0-9523-c3835e6d90df,CD
Mareah,Jenks,,bjenkscy@ask.com,097a6ab1-1756-4d66-8f3b-56891f3bf372,F,1993-07-06,,UA
Yardley,De Cleen,,jdecleencz@addthis.com,a2712949-03d2-4f0b-9654-a7622d85f093,M,1930-05-10,,LI
Ashlen,Beloe,,cbeloed0@sitemeter.com,,F,2001-07-17,,IE
Darice,Blondell,,eblondelld1@wordpress.org,,F,1934-06-07,3d13a494-03ca-490d-97fb-b4838ef555b8,MK
Rosmunda,Soigoux,,vsoigouxd2@prlog.org,1576c972-a5fb-493a-b0d8-d46e321b2e99,F,1982-03-15,,LT
Jewel,Heild,,sheildd3@shinystat.com,124de1bb-7bd7-4cc3-b488-215ee6882cb2,F,1969-12-20,,ZM
Augusto,Mack,,emackd4@wiley.com,,M,2013-03-29,,KG
Devondra,Persehouse,,vpersehoused5@infoseek.co.jp,,F,2002-02-14,,BR
Marena,Balcock,Sandie,sbalcockd6@barnesandnoble.com,b7fc4fb6-5775-4758-9ae0-fd86c4569ff6,F,1955-07-27,,CZ
Milt,Reedie,Granger,greedied7@yahoo.co.jp,,M,2003-05-10,ba9247a7-9537-43d7-afe7-65c3e6a83ffe,TR
Corly,Maplethorp,Dotty,dmaplethorpd8@bloglines.com,,F,1979-08-09,,JP
Barbey,Fessby,,cfessbyd9@google.cn,,F,1999-01-19,,SB
Elli,Lamkin,Drucill,dlamkinda@java.com,,F,1998-07-11,ed5a3bd7-bc2e-44f8-b6bb-70cf2aef625b,GM
Valry,McCrachen,Miranda,mmccrachendb@apple.com,,F,1960-06-20,,BH
Norris,Tunniclisse,,vtunniclissedc@bigcartel.com,adb40ed2-5c7e-4de5-83f7-0f7d364a8b2f,M,2012-09-30,,KH
Domini,Colhoun,,mcolhoundd@nymag.com,60b81840-d819-4ac2-a714-a072dcca52da,F,2001-08-15,,TN
Corey,MacPake,,smacpakede@unesco.org,,M,1935-08-19,46c79eed-b504-43c2-9b13-719dba47c40c,DO
Jeanna,Hallor,,challordf@pcworld.com,17575472-c27c-4af5-93d6-8b766ee82996,F,1947-06-02,efb8251b-3501-4f01-b898-9713821b5b81,TZ
Rachel,O'Luby,,dolubydg@tripod.com,aeee8fba-4b6d-463b-9ae2-f05bdcc16149,F,2005-04-19,0b92f480-6765-4a71-bbf0-8a4c3b086258,CU
Bearnard,Hollyar,Gideon,ghollyardh@soup.io,,M,1972-10-31,,TD
Arie,Mattersley,,nmattersleydi@4shared.com,,M,1954-03-11,,EE
Jessey,Pryer,,kpryerdj@spiegel.de,,M,1925-06-11,83732a3d-a53f-4604-af1b-fd1a11eb9318,IL
Justinian,Hernik,Reilly,rhernikdk@msn.com,,M,1946-01-10,,GB
Wiatt,Ranfield,,aranfielddl@amazon.com,294e8a48-25eb-4330-9088-5a802b7dfb5b,M,1964-11-06,,ME
Blair,Dufty,Hettie,hduftydm@hugedomains.com,,F,2017-04-02,,GP
Devonna,Liddington,Peggy,pliddingtondn@com.com,,F,1962-08-31,,TZ
Rani,Dunbabin,,udunbabindo@facebook.com,0c200c7e-302a-44fa-ba91-a197188a3a82,F,1943-06-21,,MX
Emelda,Farnin,Inna,ifarnindp@rambler.ru,a8aca613-19b3-4437-8bc7-a8716a5486fa,F,1936-11-22,7595b13e-633b-44c4-ae87-cc9e609a5939,BF
Frieda,Pinnigar,Darryl,dpinnigardq@usatoday.com,,F,2000-09-03,53a454ae-3b69-4974-8b98-8ae8ba799c80,ZA
Nolana,Siviour,,fsiviourdr@baidu.com,,F,1990-04-22,,KR
Jillene,Shambrook,Kellia,kshambrookds@shinystat.com,,F,1987-10-23,,KW
Kelci,Prudence,,gprudencedt@hexun.com,,F,1960-05-19,,MD
Harper,Wyss,Shaughn,swyssdu@twitter.com,,M,1947-06-14,,MG
Maggi,Bavin,,sbavindv@mit.edu,,F,2011-03-10,,TH
Emily,Upjohn,,aupjohndw@dagondesign.com,,F,1927-03-15,,NZ
Park,Caslett,,ccaslettdx@zimbio.com,0580ef12-878b-438b-88ed-7ae982f815f6,M,1999-03-05,,FI
Bradney,Sawday,Boycie,bsawdaydy@umich.edu,,M,1928-09-18,d473d334-97c2-440d-aa51-5b3af00ff5bb,ID
Sharona,Philpots,,vphilpotsdz@163.com,,F,1984-08-09,,MR
Wilhelm,Hovard,Langsdon,lhovarde0@tinyurl.com,,M,2016-03-07,,NI
Vick,Scarlet,,rscarlete1@mac.com,,M,1963-04-27,,BG
Barry,Leyban,Tammy,tleybane2@examiner.com,,F,2016-02-25,,CD
Waiter,Pollen,Elwyn,epollene3@clickbank.net,c0bf78c7-8023-4174-acb9-062daa452de6,M,1951-02-07,,GP
Cheston,Kiddey,,skiddeye4@ning.com,,M,2005-01-27,,FR
Tani,Riedel,,lriedele5@ebay.com,,F,1991-11-02,,HR
Ahmed,Rimmington,Murray,mrimmingtone6@mail.ru,,M,1934-08-28,,NP
Rozalie,Kitchenham,Alane,akitchenhame7@joomla.org,,F,1945-10-06,,MY
Merwin,Peye,Jehu,jpeyee8@admin.ch,,M,1973-06-15,,TH
Pamelina,Stening,,msteninge9@google.fr,,F,2011-10-24,,AM
Ethel,Viney,Gabbi,gvineyea@macromedia.com,,F,1947-07-07,,PG
Raphaela,Kenningley,Sukey,skenningleyeb@barnesandnoble.com,,F,1921-09-22,,NO
Felicio,Harman,Walden,wharmanec@stanford.edu,,M,1965-07-17,,KM
Ellerey,Gon,,hgoned@umn.edu,,M,1934-10-07,,LS
Lorain,Dohms,Dorette,ddohmsee@sun.com,,F,2013-06-21,d6b4df20-b3c1-4fb6-82e6-85060d95d787,TN
Godard,Moss,,bmossef@mapy.cz,17630aec-ba87-43fe-bccb-e44cfff98196,M,2013-12-14,,SV
Valentina,Banghe,Roxi,rbangheeg@wikia.com,,F,1982-07-20,,NG
Beulah,Newberry,,fnewberryeh@accuweather.com,,F,1975-03-21,,MN
Francklyn,Dauncey,,adaunceyei@psu.edu,,M,1922-09-08,,BT
Alfons,Waryk,Hal,hwarykej@google.com.hk,,M,1986-10-27,22ac07e4-aa51-4a77-b772-abfb96782f45,IQ
Claudio,Bozward,,ibozwardek@wordpress.org,,M,1941-12-03,,UA
Kerr,Verbeke,Jeremias,jverbekeel@digg.com,,M,2004-07-19,,BG
Sean,Redley,,uredleyem@usgs.gov,,M,1967-11-28,,MY
Judon,Lasselle,,glasselleen@mapy.cz,,M,2012-02-29,c53c6609-8a3c-4c0c-b5bb-210a2bfb0fe8,IT
Meir,Exelby,Hillel,hexelbyeo@1688.com,,M,1921-07-22,,PK
Sim,Rean,,vreanep@barnesandnoble.com,,M,1978-12-05,b260442f-fae0-4e03-a277-3caedb684a98,JM
Hollie,Ondrusek,,londrusekeq@sogou.com,,F,1983-06-10,,CY
Antoinette,Okie,Layla,lokieer@so-net.ne.jp,,F,1963-01-01,,AZ
Raimondo,Stappard,Herman,hstappardes@wordpress.org,be0880bd-eadf-464a-82b5-569877f9a1a9,M,1941-09-03,46c79eed-b504-43c2-9b13-719dba47c40c,MD
Annetta,Liverseege,,sliverseegeet@t.co,c039ef80-ab32-46b9-a167-a4e594528954,F,1926-11-08,,IE
Raddie,Pieper,Brok,bpiepereu@imageshack.us,,M,1962-04-07,,SV
Hyacinth,Cleyburn,,gcleyburnev@uiuc.edu,,F,2016-07-08,,UG
Devondra,Chetter,Cristine,cchetterew@trellian.com,,F,1921-10-18,,ZM
Caddric,Summerlee,Raul,rsummerleeex@statcounter.com,,M,2007-12-18,,SB
Yardley,Cords,,dcordsey@slashdot.org,4dddbd6d-ac54-409d-93a3-8a533dc0c490,M,1965-09-24,,KG
Gardiner,Shoreson,Sansone,sshoresonez@studiopress.com,4e14152c-8231-453e-b10a-761747cebb73,M,2015-06-19,,GU
Gavan,Linnock,,dlinnockf0@umn.edu,,M,1969-06-16,26f7bb5c-f7f6-423d-a2ae-81be48f3ca26,GR
Cristionna,Strangman,,hstrangmanf1@dyndns.org,,F,1952-11-08,88e88acd-98ba-4e7d-bc3e-a8936520ba0b,MD
Neron,Lear,,ilearf2@bravesites.com,,M,2001-09-02,,FM
Reece,Cantwell,,dcantwellf3@posterous.com,,M,1960-04-26,7595b13e-633b-44c4-ae87-cc9e609a5939,BY
Fallon,Gowanlock,,fgowanlockf4@qq.com,,F,1944-02-29,,PY
Noni,Anespie,Afton,aanespief5@webs.com,,F,1988-08-01,,LS
Belvia,Puddle,Rebbecca,rpuddlef6@flavors.me,,F,2007-03-23,0cd6ca17-2277-4767-9100-015c9b96223f,VN
Kendra,Rediers,,prediersf7@sfgate.com,b0419f5b-4336-4038-9496-c0cc795beffc,F,1980-12-07,,GF
Marlyn,Cobbing,Meghann,mcobbingf8@businessweek.com,,F,2018-03-31,184765f8-06c9-4646-86c3-c09cdfaf1df1,GM
Mata,Everwin,,weverwinf9@wp.com,50d177ff-8366-48cb-9f46-ec3f8c58e8b9,M,1977-10-13,,GM
Pepito,Niblock,,vniblockfa@chron.com,,M,1965-12-30,,HR
Devina,Misson,,emissonfb@slashdot.org,3a59f997-85d3-4b76-9e7e-b46c119db3b1,F,1938-09-13,78327a1e-2fe1-44ee-9cb2-4b5f6fadd784,SE
Ingrim,Skey,,wskeyfc@nba.com,,M,1995-10-13,,JM
Codi,Gilbride,,kgilbridefd@myspace.com,,F,1963-07-16,6f0b4ac9-570e-424a-84b2-1c67fb7d94c3,KG
Aleksandr,Peller,Zacharie,zpellerfe@loc.gov,,M,1926-06-08,9c2c5534-e64b-419b-8ffe-bf2ca8b3960e,FR
Eloisa,Ramey,,srameyff@sohu.com,,F,1964-02-08,,RS
Sibby,Brood,Leshia,lbroodfg@livejournal.com,,F,1977-06-03,,HU
Milzie,Demangeon,,edemangeonfh@paypal.com,,F,1990-06-24,,LU
Gerladina,Cleife,,rcleifefi@t-online.de,56396850-5694-4937-a72b-aca29f6ece3e,F,1957-12-11,18cfe06f-526e-4f92-883f-576a62a6a81b,DO
Maximo,Dower,Rollins,rdowerfj@craigslist.org,,M,2007-10-18,,UA
Dukey,Fontes,,lfontesfk@cam.ac.uk,876c3ae4-82d8-462c-a843-a708291bb202,M,1968-05-03,,SO
Livvie,Brownlie,,gbrownliefl@narod.ru,,F,1954-03-14,,ME
Harri,Murdy,,gmurdyfm@discuz.net,,F,1954-05-29,,LI
Nico,Meadows,,smeadowsfn@mapy.cz,,M,1966-05-17,,MA
Julius,Dabel,Jordan,jdabelfo@nasa.gov,a6190d9b-55fd-460f-967e-7077aedb9733,M,1957-05-11,,NI
Krysta,Skittle,,iskittlefp@feedburner.com,,F,2019-10-29,,BY
Gardy,Fearey,Rawley,rfeareyfq@prlog.org,,M,1964-03-24,,GB
Roobbie,Yesichev,Philipa,pyesichevfr@lulu.com,,F,1978-06-02,,PE
Farrah,Storror,,tstorrorfs@canalblog.com,fdef2d64-4024-48df-a475-04065bd59e6c,F,1986-11-26,,VE
Cherye,Yakubovich,,lyakubovichft@freewebs.com,,F,1999-12-14,,GT
Domeniga,Disney,Robenia,rdisneyfu@skype.com,50e1ed2b-65d4-4917-b679-abe078299ffa,F,1941-11-12,,BH
Pacorro,Haste,Myer,mhastefv@mac.com,,M,1945-05-24,,BY
Sibylla,Kloster,Zulema,zklosterfw@fastcompany.com,,F,1987-04-26,,BH
Rozele,Beringer,,sberingerfx@examiner.com,,F,2016-07-17,22ac07e4-aa51-4a77-b772-abfb96782f45,IS
Giffy,Gipp,,pgippfy@etsy.com,,M,1997-09-22,,AL
Marget,Masselin,,mmasselinfz@huffingtonpost.com,86eefdf4-c17c-4a88-8fd2-c242bfcf4f8e,F,2003-07-05,,KE
Ivonne,Elphinston,,helphinstong0@typepad.com,ddf8ffbf-5303-4897-96f5-6d834728461f,F,1947-10-14,e7198ad3-deae-43c4-8bb3-71fc6cbfcc08,KE
Darrick,Braven,Urbano,ubraveng1@google.com.au,7816ed09-6923-44dc-a863-5ac20201c313,M,1974-04-18,,MZ
Iolande,Norval,,jnorvalg2@reverbnation.com,,F,1972-04-11,,GP
Ignace,Algate,Richie,ralgateg3@skyrock.com,,M,1920-06-25,,US
Saxe,Covey,,gcoveyg4@abc.net.au,70378a3b-f2a4-4cf7-b6eb-0b08b51a0b93,M,2012-08-02,,ET
Fredric,Kiraly,,ekiralyg5@soup.io,,M,1983-04-23,ad8e6d99-735c-46b4-8d8c-368e2bcd4261,MN
Rozina,Gunningham,,lgunninghamg6@zdnet.com,,F,1972-07-27,,IQ
Willie,Mozzini,,dmozzinig7@technorati.com,,F,1986-03-01,,KG
Addi,Sellen,,cselleng8@indiatimes.com,,F,2018-03-25,,CM
Alaric,Jeannequin,,gjeannequing9@go.com,4a501d0d-a441-4dd3-a2ad-b74bfe817ca8,M,1984-08-11,311e1fd5-e598-4b92-81ae-da9f6984566c,CN
Leo,Charlson,,ccharlsonga@army.mil,,M,2002-05-15,e4c8d10a-a631-4707-a641-3ef7290e27f0,NP
Quentin,MacDonell,Tommi,tmacdonellgb@edublogs.org,,F,2005-08-22,,BR
Bailie,Mugg,,cmugggc@vinaora.com,,M,1959-01-15,,KM
Malorie,Aldridge,Kalli,kaldridgegd@tinypic.com,,F,1953-07-20,,ET
Felice,Keiling,,mkeilingge@sohu.com,,F,1984-12-08,,BW
Hilarius,Greiswood,,mgreiswoodgf@ebay.com,5fdc95c4-ad85-4a4a-9fca-5beb09e3ca33,M,1923-10-22,,JM
Kirstyn,Ellerton,,dellertongg@blogspot.com,,F,1930-05-17,,BG
Lauren,Stebbings,Lawry,lstebbingsgh@thetimes.co.uk,,M,1940-06-28,,RU
Stillman,Wreak,Armin,awreakgi@sfgate.com,,M,1989-04-30,,HR
Erhard,Masterton,,dmastertongj@feedburner.com,,M,1939-09-09,,IL
Ange,Rothwell,,crothwellgk@bloglovin.com,,M,1965-02-14,,LB
Lelah,Shildrake,,cshildrakegl@issuu.com,c3da6627-cdae-4f62-a854-32d02273bb81,F,1925-02-22,79ae18ca-fe19-4af4-82fc-97299a57eb10,CF
Thea,Wooffitt,,awooffittgm@theglobeandmail.com,,F,1995-10-25,,GB
Melva,Long,,alonggn@seesaa.net,,F,1983-04-28,,TN
Bobbi,Kupker,,dkupkergo@mlb.com,,F,1960-01-02,,RS
Tabbi,Whisson,,uwhissongp@discuz.net,,F,2001-10-29,,KM
Rubi,Duffit,Dorolisa,dduffitgq@hexun.com,,F,1927-04-06,,GM
Katina,Bang,,dbanggr@sciencedirect.com,99e210a3-2aa7-46a5-877d-31b90a978dac,F,1940-03-18,,DE
Jilly,Franklyn,,cfranklyngs@ted.com,,F,1920-12-31,,NL
Carmine,Race,Mavis,mracegt@scientificamerican.com,368e4946-d1e2-41fb-ba57-0e210aee79ba,F,1947-07-26,,BT
Davie,Bengle,Emmy,ebenglegu@wsj.com,,M,1974-11-23,,KZ
Mil,McCaughan,,mmccaughangv@edublogs.org,25c6b755-40fa-4966-9af4-9c04680ec140,F,1933-07-03,,GM
Anny,Huntingford,,ahuntingfordgw@mapy.cz,,F,1996-10-21,,TN
Zara,Kolczynski,Paulina,pkolczynskigx@last.fm,,F,1937-07-06,,TN
Thadeus,Burston,Lon,lburstongy@google.ca,,M,1934-02-28,,TN
Nikolai,Bottrill,,sbottrillgz@facebook.com,,M,1995-03-11,,PT
Gwenore,Karpman,,mkarpmanh0@mashable.com,5b8e2bd2-ae1e-46cd-8123-fff8357f0882,F,1976-12-04,85531aea-056d-402e-b5c2-95e056d0fabc,AR
Kristin,Ferryn,,tferrynh1@google.com.br,bb7bd02f-13e3-4a4a-a238-4bbef4611863,F,1959-09-02,,PG
Garrek,Haseley,,rhaseleyh2@cocolog-nifty.com,8bdc9745-945f-4da7-90b2-8a472135f3ef,M,1932-01-15,,HR
Tabbitha,Fechnie,,tfechnieh3@smugmug.com,,F,1929-12-08,,PL
Gasper,Seagrove,,kseagroveh4@indiegogo.com,,M,1963-08-28,,EE
Yvonne,Stuchbery,Meaghan,mstuchberyh5@quantcast.com,,F,1993-04-06,,EG
Bernarr,Giroldo,Chris,cgiroldoh6@sogou.com,,M,1966-09-15,d6b4df20-b3c1-4fb6-82e6-85060d95d787,KE
Fletcher,Pash,,lpashh7@cmu.edu,a3209c58-ad27-493d-9876-0d80b62d0608,M,2006-05-06,3d13a494-03ca-490d-97fb-b4838ef555b8,PE
Kiah,Watmough,Alys,awatmoughh8@cbsnews.com,,F,1962-04-05,,GU
Jenica,Pietruszka,,spietruszkah9@mapquest.com,,F,2003-04-25,,TZ
June,Herety,,mheretyha@t.co,,F,1992-01-25,67ba52fc-738d-442f-93e4-ecbb617026fc,CN
Hermie,Rudgley,,srudgleyhb@ucla.edu,094eab2c-1aa3-49ac-93df-fbbc475bdf83,M,1944-02-04,,ID
Dore,Atwill,Rowen,ratwillhc@nhs.uk,,M,1950-01-04,d7ff37d2-8391-4827-958a-74878adaeb7c,PS
Kalinda,Swinbourne,,qswinbournehd@ucsd.edu,7fd6ab52-fe23-4afb-8779-6428d8a9b45e,F,1928-02-17,,ES
Isiahi,Heddy,Timmy,theddyhe@skyrock.com,8fcb2c53-ee0c-4ddd-9d6c-8ead1b2161e9,M,1995-02-20,,ES
Gino,Torald,Mac,mtoraldhf@army.mil,,M,1920-11-18,,BW
Alfy,Labrow,,alabrowhg@miitbeian.gov.cn,cf82343b-38e0-4f0e-9591-9308a5f9923e,M,2019-02-09,,EE
Lucretia,Fullbrook,,afullbrookhh@slideshare.net,6e7867f3-dffa-426c-b1f0-0b71d5526c41,F,1951-01-06,b260442f-fae0-4e03-a277-3caedb684a98,BA
Lindsey,Capponeer,Derward,dcapponeerhi@amazon.co.uk,,M,1992-01-25,,BY
Aggi,Cutress,,pcutresshj@examiner.com,eb7f89c9-d8a2-41dc-8fda-f8d85eacb762,F,1923-07-04,,JO
Edik,Learmonth,Alvy,alearmonthhk@arstechnica.com,,M,1997-08-17,,FI
Paola,Hebble,Teddi,thebblehl@msn.com,3c0862f4-e20a-46cd-a5bf-b4efe4194aa6,F,1967-01-18,,ET
Englebert,Soames,Ely,esoameshm@mozilla.org,,M,1946-10-24,0b92f480-6765-4a71-bbf0-8a4c3b086258,DE
Nap,Gosnell,,rgosnellhn@booking.com,2404f68e-f217-4adc-a2d9-80c58e0108c1,M,1993-06-02,,UA
Prentice,Ricardot,,ericardotho@naver.com,,M,1963-06-06,e4c8d10a-a631-4707-a641-3ef7290e27f0,TN
Lennard,Ranby,,branbyhp@cnn.com,,M,1953-09-21,83732a3d-a53f-4604-af1b-fd1a11eb9318,IE
Shane,Blais,Chev,cblaishq@cnn.com,,M,1998-09-11,,EC
Gaby,MacAiline,Cad,cmacailinehr@phpbb.com,,M,2003-05-25,741f5511-3b30-46b7-bfb1-34a94bfc8807,BF
Lief,Godbold,,ogodboldhs@dropbox.com,,M,1990-12-23,26f7bb5c-f7f6-423d-a2ae-81be48f3ca26,CF
Cordey,Houlison,Rozanna,rhoulisonht@msn.com,,F,1995-04-10,,DK
Kristi,McGinny,,pmcginnyhu@vistaprint.com,,F,1920-11-02,,MY
Daron,Ruckert,Elisabet,eruckerthv@pagesperso-orange.fr,,F,1970-11-01,,LS
Tadd,McKeggie,,kmckeggiehw@ehow.com,,M,1964-01-27,,IL
Modesta,Teresi,,ateresihx@unicef.org,,F,1969-03-15,,MD
Imojean,Knowler,Eleen,eknowlerhy@webnode.com,,F,1998-12-12,,SO
Dru,Minister,Cyrus,cministerhz@squarespace.com,,M,1996-06-17,,ID
Celesta,Carlson,Dulce,dcarlsoni0@upenn.edu,,F,2012-06-29,,KR
Tristam,Screwton,Natal,nscrewtoni1@mit.edu,ad15a68b-27c0-452a-be50-b04a27a5e001,M,2020-12-02,,CM
Karlee,Sehorsch,,rsehorschi2@independent.co.uk,,F,1934-08-18,,KG
Hadleigh,Merring,Van,vmerringi3@altervista.org,,M,1976-10-01,,BY
Nadiya,Folk,Karrah,kfolki4@constantcontact.com,,F,1967-12-17,,LB
Drake,Dwire,Jarrad,jdwirei5@intel.com,,M,1946-05-11,,NE
Greta,Binfield,,rbinfieldi6@photobucket.com,5369d2d0-e2ed-44f5-a7d7-f893d75435d5,F,2014-10-28,,TN
Gasper,Abrashkov,,cabrashkovi7@nature.com,96a265c8-6223-43e7-ab5b-a5a2ede0bb8d,M,2017-05-27,,BA
Nickolai,Wolfart,,mwolfarti8@rediff.com,f939c09b-bbd8-41ca-a05d-3de6850eeb60,M,1956-05-13,,FM
Shell,Avrahamoff,,kavrahamoffi9@slashdot.org,,F,1938-06-05,,BJ
Royall,Oxer,Woodie,woxeria@cisco.com,,M,2007-10-30,,MZ
Garland,Brocking,,bbrockingib@oakley.com,,F,2011-07-31,8d285d27-0b1c-4113-8a90-c9a96669b4e8,PL
Nerte,Fayne,Adriana,afayneic@bloglovin.com,b636e389-4b70-4505-8352-3507ff1b382c,F,1943-04-03,,PS
Cullan,Armistead,Bret,barmisteadid@umn.edu,,M,1949-04-21,,BT
Hayyim,Lorimer,Barde,blorimerie@scribd.com,,M,2018-05-23,85531aea-056d-402e-b5c2-95e056d0fabc,ET
Marillin,Whaymand,Shanda,swhaymandif@salon.com,7dbb0664-675e-47aa-92bf-0b93ec584575,F,2006-08-05,,CU
Mathian,Lambricht,Jan,jlambrichtig@wikia.com,,M,1939-08-07,,GT
Wesley,Gheorghie,,bgheorghieih@github.com,4ccf6f7a-ac68-4e37-82c4-d0ba60ae6486,M,1926-10-29,,TN
Guillema,Prestidge,Jenica,jprestidgeii@wikipedia.org,,F,1953-03-17,,PL
Garth,Dacres,,sdacresij@creativecommons.org,3ff1e9f8-31d0-4825-8ee7-af3c65f68008,M,1924-06-17,,AZ
Hoebart,Banville,,obanvilleik@php.net,02d534d0-785d-4e1c-8a1b-f3af9592575c,M,1941-03-10,,ZA
Harvey,Dumbleton,,pdumbletonil@hc360.com,67a55cc3-27ac-4632-9f03-5aa5ecddf4e6,M,2000-04-18,,BR
Norean,Jost,,sjostim@bing.com,f111033f-db27-44c4-8a8a-eee627dea567,F,1963-11-18,,AR
Lanette,Wynrehame,Suzi,swynrehamein@java.com,,F,1942-01-08,f93a4092-2f2b-4e36-b92c-4f21a1357ea6,BY
Barry,Blakey,,cblakeyio@cnbc.com,a8f005fa-c38f-49b8-a005-c75854e0e718,M,1926-08-05,,FM
Bearnard,Sproule,Abramo,asprouleip@baidu.com,4c8fdb36-e5ff-45ac-b46d-bcde9a7f6868,M,1976-03-04,22ac07e4-aa51-4a77-b772-abfb96782f45,MN
Reider,Rendall,Moore,mrendalliq@nature.com,,M,2007-04-03,,AZ
Lyndel,Lavigne,,elavigneir@dedecms.com,,F,1998-05-03,,BF
Katlin,Kendell,,ckendellis@google.ru,,F,2019-04-26,,NP
Inna,Ballay,Theresina,tballayit@baidu.com,,F,1948-11-05,,CG
Moselle,Crankhorn,,wcrankhorniu@cocolog-nifty.com,2dbe211d-81c9-4de3-94e4-2b28b33a4e01,F,2019-12-26,,LI
Meris,Birbeck,,mbirbeckiv@blogger.com,202e7d8d-bbcc-4966-85ae-6721cf612215,F,1921-04-20,b260442f-fae0-4e03-a277-3caedb684a98,CY
Daryl,Hockey,,jhockeyiw@booking.com,9f838a01-9674-4fa4-b5f9-ff504c40a061,F,1963-06-06,,IQ
Barbette,Rist,Teodora,tristix@bigcartel.com,,F,1935-10-23,,GF
Lindsay,Pesticcio,,hpesticcioiy@weibo.com,c60543b9-35cc-4c39-9636-85b99619a8e9,F,2004-06-11,,MZ
Llewellyn,O'Shavlan,Berk,boshavlaniz@istockphoto.com,,M,2007-09-05,efb8251b-3501-4f01-b898-9713821b5b81,KH
Guntar,Dallan,,mdallanj0@e-recht24.de,,M,1979-08-15,,UG
Bone,Oppery,Kain,kopperyj1@usa.gov,,M,1970-05-05,,DO
Emmalynne,Satterfitt,,lsatterfittj2@pen.io,b6a513c1-4e98-4306-aa3c-42b3c8d493a0,F,1970-12-14,e4c8d10a-a631-4707-a641-3ef7290e27f0,ZA
Ula,Bockmaster,Bianca,bbockmasterj3@github.com,d75616de-cdc5-4a8e-86c0-c7a0d4a7ed86,F,1983-04-14,,ZM
Tudor,Treleven,Nev,ntrelevenj4@pen.io,eb6dc203-7a10-4cc1-ae93-b2a3409960a5,M,1992-12-05,,GU
Tod,Starbuck,,kstarbuckj5@forbes.com,ea98c791-2d76-42d5-bd72-dccf9fe2a2ab,M,1955-02-16,,IL
Carma,Pleavin,,cpleavinj6@miitbeian.gov.cn,,F,2003-02-06,26f7bb5c-f7f6-423d-a2ae-81be48f3ca26,PS
Roley,Kretchmer,Elias,ekretchmerj7@intel.com,c1822f9f-78f6-49da-8957-129e9e84b371,M,1943-09-13,,ZM
Jonathon,Reuter,,lreuterj8@census.gov,e4c4bd83-d10d-48ba-b2b5-97cf7eae0228,M,2002-10-08,,UA
Ross,Omrod,,romrodj9@vimeo.com,a42f1408-847c-4b70-b31c-e263cab5eb76,M,2000-07-07,,CA
Jocelyne,Smalridge,Onida,osmalridgeja@patch.com,,F,1925-05-20,,KE
Rabi,Purser,,dpurserjb@ning.com,,M,1922-08-20,,FR
Leanor,Dafter,Dodie,ddafterjc@house.gov,47bec5ef-dac6-4d4d-b5ec-0c1cac4a3430,F,1973-08-20,,GU
Rebeka,Fidgett,Molly,mfidgettjd@networksolutions.com,,F,2002-12-03,,ZA
Deonne,Paulus,,spaulusje@desdev.cn,,F,1994-04-09,184765f8-06c9-4646-86c3-c09cdfaf1df1,TZ
Arliene,Batisse,,abatissejf@tinypic.com,,F,1998-10-31,,MU
Pete,Mattock,,wmattockjg@theguardian.com,,M,1935-02-19,,EE
Pancho,Huitson,Fowler,fhuitsonjh@sina.com.cn,1bf498ac-0fd6-47eb-9986-cb633e753817,M,1920-03-07,,GR
Sarge,Grigori,Herman,hgrigoriji@chron.com,,M,2005-03-02,,NE
Michail,Twinborough,,etwinboroughjj@canalblog.com,0af53821-82eb-49b4-a5e2-c7c04d0072b7,M,1951-03-10,6f0b4ac9-570e-424a-84b2-1c67fb7d94c3,IL
Janet,Fattori,,gfattorijk@com.com,,F,1942-08-04,,CF
Renato,Balston,Natale,nbalstonjl@sohu.com,,M,1956-06-25,,MD
Maegan,Hornbuckle,Netty,nhornbucklejm@wisc.edu,,F,1948-10-09,,MK
Ranee,Coger,,scogerjn@boston.com,,F,2003-11-21,bcb3372f-b5fc-4bf0-ae5a-940a1d02b80b,MT
Merill,Henrionot,Ashton,ahenrionotjo@tripadvisor.com,15c9a2dc-c257-422e-9f86-c20c746237b9,M,1995-05-27,,HU
Deborah,Brownfield,Kori,kbrownfieldjp@artisteer.com,f9168f4e-0212-4878-9fb6-2c471e175f75,F,2010-09-28,,CV
Manfred,Denning,Oswell,odenningjq@boston.com,,M,1990-06-29,8912cee3-f329-4dfc-9f4b-06bfd225de2a,JO
Beaufort,Ruprich,Leicester,lruprichjr@histats.com,,M,2011-12-28,,HU
Merwyn,Elph,Barr,belphjs@behance.net,da25a548-1610-4690-921f-88d7fe8e268b,M,1959-01-02,,BJ
Marcelo,Playhill,Kelby,kplayhilljt@163.com,,M,2012-04-06,,NE
Rudy,McNutt,Jake,jmcnuttju@irs.gov,1fe8bfe3-b9b1-478e-8fb0-91cd0e9e54bf,M,1987-03-18,,RS
Hurley,Semaine,Olvan,osemainejv@princeton.edu,,M,1941-07-17,,MU
Chariot,Cockrell,Flem,fcockrelljw@xrea.com,b1388bfe-5c57-4025-8ba5-2dc6581fffb9,M,2012-03-01,,PE
Milo,Maggorini,Corney,cmaggorinijx@wp.com,397ca7f8-cd9c-4e47-9718-0986d4289f16,M,1957-06-18,,IR
Johnnie,Gatman,,ggatmanjy@godaddy.com,,M,1951-10-15,,LV
Theresa,Sherwill,Rafa,rsherwilljz@opensource.org,,F,1998-01-16,,JO
Derick,Kee,Ignace,ikeek0@merriam-webster.com,,M,1987-02-03,,MU
Barbabra,Hamson,,dhamsonk1@yahoo.com,,F,1950-03-23,f93a4092-2f2b-4e36-b92c-4f21a1357ea6,RS
Joseito,Waldron,,cwaldronk2@businessinsider.com,,M,1976-05-23,,PT
Shoshana,Abilowitz,,dabilowitzk3@163.com,166d99ca-0b92-4520-b506-a8fabbc93728,F,1929-12-22,,MD
Correy,Kinghorne,Afton,akinghornek4@hao123.com,,F,1955-06-05,,LI
Godfree,Glenister,,dglenisterk5@phoca.cz,3d9a0df3-6558-4450-b0fc-a230c962cf93,M,1973-11-05,,LS
Merle,Dunning,,jdunningk6@mozilla.org,,M,1952-07-10,,UZ
Kendall,Doak,Gram,gdoakk7@msn.com,,M,1921-08-03,c53c6609-8a3c-4c0c-b5bb-210a2bfb0fe8,KR
Sheila,Bilbey,Gerda,gbilbeyk8@house.gov,1c87b825-f65b-4130-9a1c-0ddfc021a8b5,F,1964-03-15,,LV
Boothe,Concannon,,gconcannonk9@about.com,,M,1998-10-02,,CU
Darrick,Dolle,,jdolleka@goo.ne.jp,5b280d32-7dff-49cd-804a-3af07efb432e,M,2003-06-02,,GF
Lynsey,Stogill,Brittni,bstogillkb@shutterfly.com,,F,1993-10-15,,GR
Adrien,Risley,,nrisleykc@barnesandnoble.com,,M,1947-09-26,,MU
Zollie,Fried,Marijn,mfriedkd@reference.com,,M,1991-09-03,,VE
Jacki,Trulock,,btrulockke@i2i.jp,058fc80d-bb22-42e8-bb5a-ca84277a2026,F,2011-04-05,,YE
Althea,Yoskowitz,Isidora,iyoskowitzkf@bloomberg.com,,F,1957-05-08,311e1fd5-e598-4b92-81ae-da9f6984566c,MK
Cordie,Dunbar,Leone,ldunbarkg@oakley.com,,F,1982-01-28,,ID
Yevette,Lait,,glaitkh@fastcompany.com,59757a0f-a628-4feb-8033-cd15eed105c7,F,1965-03-18,,KW
Cora,McClary,Blondie,bmcclaryki@nasa.gov,78369a86-c7ac-47ab-97f0-02b9dd934284,F,1931-02-23,92543c88-dd2c-4cc2-b955-099920999b31,KE
Tobiah,Prosh,Boycie,bproshkj@artisteer.com,997b8ff9-450c-436a-9eca-129db45a4c3b,M,1988-01-27,,PY
Sauncho,Kleis,,ekleiskk@elpais.com,,M,1950-04-08,,BY
Ashely,Witul,Madelin,mwitulkl@biblegateway.com,,F,2013-08-30,88e88acd-98ba-4e7d-bc3e-a8936520ba0b,BA
Anna-diane,Witton,,hwittonkm@wunderground.com,,F,1966-07-18,,GF
Richmound,Kincey,Othello,okinceykn@japanpost.jp,87e0bcc8-ba31-4b68-a002-32f691948ca7,M,1983-10-25,,KH
Ferrel,Van Driel,,dvandrielko@alibaba.com,,M,2020-06-01,53a454ae-3b69-4974-8b98-8ae8ba799c80,ES
Shauna,Ayer,Rheba,rayerkp@topsy.com,,F,1987-04-10,,PY
Mathian,Hanster,,mhansterkq@cnet.com,2824c94b-1744-44fe-9d59-2ad65e6f157c,M,1991-10-14,0cd6ca17-2277-4767-9100-015c9b96223f,TR
Lock,Winfrey,,cwinfreykr@ask.com,,M,1991-05-20,,HN
Dagmar,Skelhorn,,askelhornks@china.com.cn,,F,1957-09-08,,US
Bentley,Shoutt,,ashouttkt@vimeo.com,e7eb01b7-803f-4567-9364-d7fbdbe328b1,M,1955-02-09,,MD
Torr,Britee,,bbriteeku@businessinsider.com,9170bdd7-a38f-431f-add0-739db2b44f31,M,1988-01-12,caf746c9-37c1-4f68-a91b-48a94a72f853,BR
Merla,Fickling,Sydelle,sficklingkv@1und1.de,,F,1980-07-19,,KW
Vi,Boadby,,eboadbykw@virginia.edu,7e72a914-110d-4846-9fe7-0ac3e5e60b61,F,1989-12-12,,BT
Valaree,Heminsley,,jheminsleykx@java.com,,F,1976-11-16,,CD
Row,Fourcade,,cfourcadeky@slashdot.org,,F,1966-09-16,,CG
Willie,Lent,Calhoun,clentkz@unc.edu,,M,1939-12-17,,PS
Nico,Lineen,Gawen,glineenl0@surveymonkey.com,,M,1990-05-12,,PL
Cyrus,Kirley,Pat,pkirleyl1@baidu.com,33ddaeb1-43cb-4612-a156-a83839968ad8,M,1924-10-29,,CV
Magdalene,Trodden,,dtroddenl2@state.gov,,F,1973-06-03,,IQ
Aldin,Mountcastle,,emountcastlel3@nba.com,8b8c3633-2e40-4325-aef7-efc2bff0a267,M,1999-04-28,,ME
Neale,Layburn,,dlayburnl4@e-recht24.de,0cc7e80a-3c3b-4af2-b018-804e6f86fa99,M,1951-04-20,,ME
Padraic,Awty,,vawtyl5@wunderground.com,b4222a7e-8baf-4603-9b8d-ca4c2b594365,M,1921-02-02,3f79308e-01ce-43e6-b3f1-b99fb0f3d069,HN
Andonis,Sambeck,Godart,gsambeckl6@joomla.org,,M,1956-01-10,,EE
Garey,Rudolf,,arudolfl7@bloglines.com,440b6f27-8742-4db0-8161-190059031bc2,M,1951-09-08,,PT
Nona,Schutter,Mel,mschutterl8@ow.ly,340920e5-a7c1-4246-a265-b9f33b8805f5,F,1989-05-23,f26c0a99-0b95-4e39-a48a-b39c160efe93,PY
Nichol,Ferrandez,,lferrandezl9@alibaba.com,,F,1972-12-01,,BF
Beryle,Caccavale,,scaccavalela@ustream.tv,,F,1927-06-26,,BT
Sidoney,Scherer,Crista,cschererlb@aboutads.info,,F,1993-07-31,,CY
Laurent,Ortes,,borteslc@dropbox.com,,M,2008-08-02,,EC
Carey,Brummell,,ebrummellld@addthis.com,e1bd5450-58fc-4c89-a4b0-b03bccb170b8,F,2018-08-11,,GB
Samson,Atyeo,Dante,datyeole@ask.com,,M,1962-06-28,,RU
Corrianne,Antonowicz,,pantonowiczlf@aol.com,,F,1946-12-12,f93a4092-2f2b-4e36-b92c-4f21a1357ea6,IL
Delila,Kelwick,,pkelwicklg@hp.com,,F,1982-10-25,,PK
Albert,McGurk,,tmcgurklh@facebook.com,,M,1937-03-24,,TR
Belia,Scaplehorn,,pscaplehornli@springer.com,92bc4c9a-ad0c-4daf-a8c5-7c9d5527d154,F,1941-01-03,d7ff37d2-8391-4827-958a-74878adaeb7c,CM
Hagan,McGannon,,dmcgannonlj@about.me,,M,1946-06-10,,JO
Shadow,Bolam,,cbolamlk@yolasite.com,,M,1973-09-24,,PR
Inger,Pottery,Christen,cpotteryll@ft.com,,F,1944-12-19,c53c6609-8a3c-4c0c-b5bb-210a2bfb0fe8,AR
Loydie,Possel,,spossellm@spotify.com,,M,1994-02-13,,TN
Melli,Stanyan,,cstanyanln@apple.com,6f44edc2-21aa-4676-b603-5acce6da71c1,F,1937-11-20,,EG
Cris,Esh,,leshlo@networksolutions.com,,M,1994-09-02,,FM
Agustin,Thorlby,Englebert,ethorlbylp@europa.eu,,M,2010-04-25,,UZ
Katleen,Lathwell,,dlathwelllq@census.gov,,F,1964-05-31,,GU
Yardley,Davies,Killian,kdavieslr@accuweather.com,,M,1961-08-13,,CD
Jamison,Wooles,Fitz,fwoolesls@de.vu,,M,1972-10-12,,BJ
Quent,Buchan,,rbuchanlt@csmonitor.com,08991997-d462-46b6-acad-a2772310b8bc,M,1958-08-26,,GU
Corbett,Yate,Giacobo,gyatelu@cnbc.com,,M,1953-09-26,,SO
Mercedes,Ragborne,,rragbornelv@yahoo.co.jp,,F,1934-08-15,83732a3d-a53f-4604-af1b-fd1a11eb9318,VN
Murial,Geffe,,ngeffelw@wired.com,,F,1990-04-14,,MU
Sheila,McCrow,Davita,dmccrowlx@cmu.edu,,F,1920-01-23,,IR
Esta,Deex,,edeexly@ed.gov,,F,2006-03-20,,VE
Hali,Gilhool,,lgilhoollz@1688.com,,F,1946-12-06,,BF
Merola,McVicar,,amcvicarm0@com.com,,F,1923-07-16,,IS
Bank,Eldridge,,teldridgem1@freewebs.com,,M,1975-06-01,,NO
Silvia,Crotty,Dynah,dcrottym2@tinypic.com,,F,1954-12-21,,RU
Ethyl,McArd,Estrellita,emcardm3@chronoengine.com,57b3043a-7663-4723-bf4c-f59ad3f438ba,F,1969-03-19,,PT
Rivi,Penkman,Bendite,bpenkmanm4@geocities.com,4981d735-fae5-427c-b113-d7df7e394106,F,1939-12-29,,GR
Petra,Birchall,Amandi,abirchallm5@adobe.com,bd03c02a-1994-4a67-876c-6c1b53955299,F,1979-10-13,79ae18ca-fe19-4af4-82fc-97299a57eb10,SB
Monah,Toope,Audra,atoopem6@tuttocitta.it,,F,1930-03-27,,AL
Elmira,McEwan,Randy,rmcewanm7@fastcompany.com,,F,1999-04-24,,ID
Roderich,Villaron,Law,lvillaronm8@who.int,,M,1953-03-06,,GB
Herculie,Melland,,wmellandm9@indiegogo.com,,M,1973-04-28,,CA
Ardene,Undrell,,kundrellma@dell.com,,F,2020-02-18,,PL
Humfrey,Norwell,,lnorwellmb@timesonline.co.uk,,M,1960-01-17,,NL
Haslett,Maingot,,gmaingotmc@cnet.com,,M,1947-06-09,,GU
Rancell,MacCallam,,omaccallammd@yale.edu,,M,1985-08-11,,KM
Archer,Jaher,,tjaherme@howstuffworks.com,,M,1981-09-22,,MD
Cynthea,Casini,Aura,acasinimf@about.me,0811681e-5f05-4852-9f9c-1eec67ba8822,F,2012-12-19,,GP
Catharina,Taft,,ataftmg@technorati.com,5ab648fc-17d0-4d40-86c6-7f3257d6e0ba,F,1945-11-17,18cfe06f-526e-4f92-883f-576a62a6a81b,SY
Reid,Churchin,Jeth,jchurchinmh@bravesites.com,,M,1934-02-09,8d285d27-0b1c-4113-8a90-c9a96669b4e8,US
Leonardo,Lillecrop,Ollie,olillecropmi@apache.org,,M,1992-10-15,,MN
Mariele,Wheelan,,nwheelanmj@quantcast.com,,F,1959-06-20,,KZ
Washington,Greatorex,Tamas,tgreatorexmk@joomla.org,f6574e08-edff-4684-993c-9207558e9eb2,M,1970-04-11,,AD
Elbertina,Skelhorne,,fskelhorneml@odnoklassniki.ru,c691e0f7-acd8-4676-b16d-06419c19b1e5,F,1953-05-01,,MA
Grover,Dagworthy,,ddagworthymm@pen.io,,M,1938-08-17,,KH
Fawne,Golde,,ngoldemn@umn.edu,5f3066f8-a428-4d2f-bca0-47ec018ebf2c,F,2004-12-15,,KZ
Venus,Defty,Coralyn,cdeftymo@twitpic.com,,F,1988-05-15,,KM
Creighton,Daltrey,,wdaltreymp@xrea.com,10d42c34-f0e3-402e-b674-6e15d1cfcad3,M,1993-12-09,,BR
Justine,Linde,Ulla,ulindemq@amazon.co.jp,,F,1934-02-19,,MR
Bathsheba,D'Antoni,Anet,adantonimr@columbia.edu,88816add-492f-469f-b5c6-d85175f822b8,F,1976-01-19,,NL
Hughie,Sherebrooke,Spenser,ssherebrookems@go.com,,M,1922-12-18,5ebf331b-b851-4ad9-8559-bc0f1bd71df1,TL
Evin,Philip,Weider,wphilipmt@prweb.com,,M,1958-09-19,,CU
Tami,Wattinham,Arlee,awattinhammu@wp.com,,F,1947-07-03,,SE
Curran,Dawidsohn,Frasco,fdawidsohnmv@auda.org.au,ee56af5b-05c2-4d7c-a9cf-9bdded8bef72,M,1964-02-13,,AU
Frants,Pharoah,,gpharoahmw@ft.com,127e893b-c533-48ae-9768-cf13f14d178f,M,1986-02-26,,MZ
Zebulon,Whitington,,kwhitingtonmx@cornell.edu,7011dbf7-ee57-48cf-97cb-e103b73d50af,M,1934-12-31,,AU
Ulrich,Hawket,,whawketmy@illinois.edu,,M,1934-06-09,e7198ad3-deae-43c4-8bb3-71fc6cbfcc08,SI
Morganica,Santello,Roxane,rsantellomz@weibo.com,,F,1962-04-06,,YT
Broderic,Watkin,Rurik,rwatkinn0@woothemes.com,652faa8e-a3e9-44bd-8671-f18b4f36dad7,M,1929-04-16,,JM
Creigh,Ledwich,Tybalt,tledwichn1@wikispaces.com,,M,1985-10-14,b260442f-fae0-4e03-a277-3caedb684a98,BW
Vinson,McReynold,Eric,emcreynoldn2@sciencedirect.com,86f0c16f-33ea-4961-b932-856b7360a9bd,M,1966-11-05,,SY
Clovis,Castanho,,acastanhon3@independent.co.uk,,F,1963-04-29,ad8e6d99-735c-46b4-8d8c-368e2bcd4261,AM
Marion,O' Kelleher,Derek,dokellehern4@ocn.ne.jp,,M,2015-11-10,,SB
Elwira,Routley,,rroutleyn5@printfriendly.com,,F,1978-10-26,,IR
Allissa,Giacoppoli,,fgiacoppolin6@indiatimes.com,,F,1997-12-10,,ME
Brennen,Kirwan,,skirwann7@livejournal.com,,M,2015-02-28,,UA
Chen,Moth,,smothn8@cnbc.com,18dc894e-d856-4502-9370-d8add4f78049,M,1986-02-08,e4c8d10a-a631-4707-a641-3ef7290e27f0,IL
Gerard,Davidou,,adavidoun9@google.ru,,M,1927-05-26,,PH
Barnabe,Reddle,Dael,dreddlena@flavors.me,99ee612f-42fc-4637-aad2-21313dec77fa,M,1931-02-07,,MZ
Vince,Redmile,Yvor,yredmilenb@instagram.com,d8b84aca-860c-4560-80b2-f9666e14f726,M,1964-10-24,,NI
Cordie,Landsborough,Matilde,mlandsboroughnc@whitehouse.gov,,F,2008-03-27,,TZ
Maddalena,Wretham,Davine,dwrethamnd@blogtalkradio.com,,F,2014-09-30,88e88acd-98ba-4e7d-bc3e-a8936520ba0b,EE
Rebecka,Juster,Lane,ljusterne@census.gov,aa6d0770-e136-4c20-9d8e-fc20d3f0ca2c,F,1957-06-24,,ET
Noreen,Doulden,,mdouldennf@answers.com,,F,1938-07-18,,CM
Devin,Pheasant,Lincoln,lpheasantng@yale.edu,1eb5204f-2bf8-4c63-983c-f799d32f9216,M,1977-02-01,53a454ae-3b69-4974-8b98-8ae8ba799c80,JO
Elly,Backen,,mbackennh@globo.com,,F,2009-10-14,,SY
Skippy,Ezzy,,aezzyni@dedecms.com,,M,2005-11-10,,KZ
Jamey,Rohfsen,,wrohfsennj@sina.com.cn,,M,1955-09-17,,SV
Liz,Arton,,sartonnk@aboutads.info,2e231150-c8d8-40e0-962b-30ad6259a962,F,1965-05-18,,KM
Morris,Ropartz,,yropartznl@stumbleupon.com,,M,1921-09-09,7f6493a5-cc20-4247-aa02-1d2780891832,KZ
Corty,Elstob,Solomon,selstobnm@domainmarket.com,,M,1976-06-22,,RU
Fayette,Enstone,Anstice,aenstonenn@livejournal.com,a2148289-b982-4643-b74a-3c8ef17033d9,F,1966-06-25,,PS
Minette,Delatour,,sdelatourno@toplist.cz,ca07b877-9d1f-49bb-b876-1a5880f0146b,F,1930-03-10,,CY
Daphene,Derycot,Julia,jderycotnp@washingtonpost.com,4bac8e6b-745e-4949-80ef-3ab71139b7ad,F,1973-02-18,6f0b4ac9-570e-424a-84b2-1c67fb7d94c3,KR
Elva,Hulburd,Bobinette,bhulburdnq@digg.com,8d3b1325-d4a4-4b23-955b-0f7dbadfafd7,F,2017-03-14,,AL
Blane,Ure,Carr,curenr@people.com.cn,,M,1971-07-19,e8644279-4d45-4e52-acc0-16e9e07273fb,CV
Neil,Scholling,Hanan,hschollingns@huffingtonpost.com,,M,2010-03-01,,JP
Shell,Honacker,,ehonackernt@nps.gov,,F,1948-04-23,bcb3372f-b5fc-4bf0-ae5a-940a1d02b80b,SY
Quinton,Learoyd,,llearoydnu@example.com,50a2fa5d-f88d-48d1-8404-425156262c2e,M,2020-10-16,,JM
Stephie,Trowill,,dtrowillnv@rediff.com,90a6ad29-6941-43fa-84d4-318298e2f752,F,1964-08-08,,GM
Waiter,Tellenbrook,Woody,wtellenbrooknw@gov.uk,,M,1957-06-30,,KM
Andeee,Wormell,Gilda,gwormellnx@nsw.gov.au,,F,1999-05-23,,TD
Pascal,Copyn,,acopynny@globo.com,,M,1922-04-12,,NO
Boonie,Rosas,Blake,brosasnz@flavors.me,f3263fa8-00a1-4cfe-a45a-c53f07cd411a,M,1926-07-10,,BH
Benn,Thornton-Dewhirst,Kahlil,kthorntondewhirsto0@ox.ac.uk,,M,2004-10-27,,CO
Etan,Sobczak,,msobczako1@webnode.com,,M,1927-03-31,,ME
Dominique,Slite,,msliteo2@pen.io,,M,1992-06-24,,KM
Justino,Beange,,wbeangeo3@wikispaces.com,e3aa9a58-9f86-459f-b07d-26ce2c6ec358,M,1922-08-17,,AM
Ernest,Cruft,,ecrufto4@usatoday.com,,M,1946-12-15,,SN
Ferdinand,Charer,Stuart,scharero5@yelp.com,14d18a85-934c-4d62-b283-17b403fe445b,M,1930-05-26,,CD
Stefanie,Fishlee,,efishleeo6@chronoengine.com,14adf235-47e7-4683-86e7-d6b4a8c9e6e1,F,1997-06-03,5ebf331b-b851-4ad9-8559-bc0f1bd71df1,CD
Belicia,Brownhall,,gbrownhallo7@weebly.com,,F,1991-06-14,f93a4092-2f2b-4e36-b92c-4f21a1357ea6,SV
Zebedee,Shirtcliffe,,bshirtcliffeo8@alexa.com,,M,1930-01-30,,MT
Florrie,Beig,,abeigo9@amazon.com,f8796c00-11f4-4f60-a622-4fb2dbca48b6,F,1920-03-21,22ac07e4-aa51-4a77-b772-abfb96782f45,BH
Bobbette,MacCard,Brett,bmaccardoa@about.me,4e861204-3908-4fb0-909e-3c696925483b,F,1967-03-27,,ID
Stormi,Osbidston,Simona,sosbidstonob@gravatar.com,,F,2002-11-11,,KH
Karleen,Bellwood,,sbellwoodoc@wordpress.com,,F,1976-07-07,,KE
Chris,Insworth,Renault,rinsworthod@theguardian.com,8ead5afc-446b-43de-aa92-a2efac17dff9,M,1960-08-13,,LV
Billie,Bris,Randall,rbrisoe@dailymotion.com,,M,2005-02-12,,TR
Jerrilee,Holhouse,Paige,pholhouseof@wikia.com,9346398b-7e48-4053-abf2-0c98b820651e,F,1981-09-26,b260442f-fae0-4e03-a277-3caedb684a98,LT
Lucas,Ellissen,Trueman,tellissenog@usda.gov,,M,1956-06-25,,HU
Olympia,Code,,lcodeoh@paginegialle.it,,F,1924-11-14,,AM
Brady,Wolton,,kwoltonoi@github.io,,M,2001-05-12,,YT
Jule,Lowdham,Robinson,rlowdhamoj@pbs.org,bddc66d0-d987-46e8-9707-0a13e0806a5b,M,1974-10-28,,PE
Daphna,Rosgen,,frosgenok@constantcontact.com,f55214fb-a2d1-4076-9c77-803a3f90118d,F,1990-02-07,,CD
Franky,Pacquet,Doroteya,dpacquetol@chronoengine.com,,F,1980-09-14,,PH
Lenka,Bilbee,,rbilbeeom@toplist.cz,eaa56396-1b4c-481f-9f8a-4152b0e6bbbc,F,1981-02-23,,PS
Laurice,McArdle,,smcardleon@nba.com,,F,1941-03-05,,IL
Gordon,Antonazzi,Mel,mantonazzioo@weibo.com,,M,2009-07-30,,GU
Ira,Noddles,Thoma,tnoddlesop@hubpages.com,,M,2018-10-19,,MN
Curt,Pinkney,,lpinkneyoq@is.gd,,M,1998-12-16,,IR
Seana,Fairbank,,ffairbankor@berkeley.edu,,F,1927-03-12,,PE
Elmira,Truelove,Rebecca,rtrueloveos@reuters.com,,F,2012-10-27,5b14c536-79b0-40ec-9aee-73b4d5834061,AD
Berny,Simms,Rutherford,rsimmsot@xinhuanet.com,,M,1957-08-12,,GB
Normy,Joanaud,,rjoanaudou@bloomberg.com,,M,1935-09-20,,KG
Egor,Balogun,,cbalogunov@mtv.com,,M,1949-07-21,,CO
Rosamund,Bennike,,pbennikeow@msn.com,,F,2017-04-30,,LU
Brunhilde,Bertl,,rbertlox@yahoo.com,,F,1964-08-07,,NL
Rad,Presslie,,jpresslieoy@wunderground.com,8c891e11-82d1-4234-82d9-78abc4041ef4,M,1932-05-05,,AF
Shalom,Hagard,,mhagardoz@fda.gov,480a2d88-c93c-4973-96a3-b902a0956050,M,1925-06-09,,IL
Nappy,Prantl,,cprantlp0@blogspot.com,,M,1996-05-29,,NG
Fiona,Lowndes,Estrellita,elowndesp1@elegantthemes.com,,F,2000-08-19,78327a1e-2fe1-44ee-9cb2-4b5f6fadd784,SB
Laughton,Tilliards,Royal,rtilliardsp2@mail.ru,eb785530-0648-4bf4-bc1f-7e39352a8197,M,1965-08-06,,PS
Juan,Worledge,Aymer,aworledgep3@taobao.com,,M,1954-11-10,,SV
Sloan,Faivre,Dru,dfaivrep4@istockphoto.com,,M,1978-05-14,,KW
Estrellita,Tankin,Lorita,ltankinp5@dion.ne.jp,32165893-ee36-435d-a1ce-8f8dfd95f213,F,1943-12-11,,PG
Dulcine,Dadswell,,bdadswellp6@bluehost.com,84a96199-4831-487a-864d-963c2bd1e01b,F,1986-06-04,,KZ
Rickey,Carrell,,bcarrellp7@jalbum.net,,M,1970-02-06,,NL
Erie,McGilroy,,imcgilroyp8@histats.com,,M,1949-07-12,18cfe06f-526e-4f92-883f-576a62a6a81b,ES
Edgar,Rhymes,,krhymesp9@netlog.com,,M,2013-02-25,,VN
Harry,Brede,Lanie,lbredepa@senate.gov,5636ef19-7c4f-408b-b921-be7d1f889204,M,1979-06-20,,CG
Boris,Patten,Heinrik,hpattenpb@sphinn.com,,M,1974-04-19,,NZ
Gerri,Rastrick,Wes,wrastrickpc@blogspot.com,da58cecf-d93b-4e97-b730-57b76b8e9e70,M,1969-02-02,85531aea-056d-402e-b5c2-95e056d0fabc,AU
Sascha,Carr,,tcarrpd@lycos.com,,M,2011-07-10,,SE
Erek,Brambill,,gbrambillpe@godaddy.com,2e5f2291-7215-4bd5-84fe-ebfdc07c0cee,M,1944-12-27,f26c0a99-0b95-4e39-a48a-b39c160efe93,BR
Lorette,Heardman,,sheardmanpf@nydailynews.com,afa0393d-2dd0-41cb-bf7e-97f8b53d6da8,F,1922-08-07,a9ef6fff-bb0c-4cb0-9523-c3835e6d90df,LB
Gibby,Keerl,,skeerlpg@sitemeter.com,5623552e-491e-4957-ae69-9e39e18bb220,M,1948-05-07,,KE
Aeriel,Yosselevitch,Quintina,qyosselevitchph@auda.org.au,,F,1989-08-01,,SO
Ana,Besnardeau,Caralie,cbesnardeaupi@independent.co.uk,,F,1999-01-31,,BT
Edouard,Cutridge,Dex,dcutridgepj@about.com,,M,1958-01-29,,BW
Vincenty,Wyllt,,ewylltpk@networkadvertising.org,5b7ee067-67a4-4998-86b6-c46fbcd38ffe,M,1992-03-28,5ebf331b-b851-4ad9-8559-bc0f1bd71df1,CG
Auberta,Esterbrook,Elana,eesterbrookpl@princeton.edu,12c38670-d70f-48c9-9cce-265390f4fec9,F,1983-01-25,,SE
Stesha,Huge,,ahugepm@diigo.com,db036856-9f0a-43ab-adc2-874633ebcb59,F,1920-03-27,,LV
Turner,Mays,Nestor,nmayspn@google.co.jp,,M,1937-05-15,,MG
Fancie,Tuny,,mtunypo@microsoft.com,,F,1924-08-10,,ID
Alyosha,Kulis,,ekulispp@uol.com.br,,M,2001-02-26,,NG
Emalia,Crielly,,ncriellypq@behance.net,,F,1943-06-18,,FI
Tobi,Normadell,Caitrin,cnormadellpr@cbslocal.com,,F,2001-05-21,,GR
Clayborn,Seel,,bseelps@abc.net.au,0c87607b-9abc-4dd9-a60d-2ba225a0e101,M,1981-11-10,,GP
Sabine,Mehaffey,,hmehaffeypt@unc.edu,df11b4ab-45e6-4f96-be7a-45d2302e4252,F,1959-09-12,,LS
Carney,Jahnisch,,cjahnischpu@timesonline.co.uk,4000332e-c009-4fbe-9fde-d4bd768a4832,M,1958-10-12,dcfc173d-3565-4856-a481-742453a2162a,BR
Richart,Meechan,Harp,hmeechanpv@tmall.com,1b727076-739b-4972-ae61-8236fcbb1934,M,2016-05-24,,BH
Wendall,Rankmore,Clark,crankmorepw@google.cn,,M,1952-07-02,,CZ
Berky,Treweek,,etreweekpx@netvibes.com,,M,1979-05-10,,YT
Raymund,Burkin,,dburkinpy@shareasale.com,,M,1965-06-06,,PY
Hyacintha,Funcheon,,bfuncheonpz@shinystat.com,,F,1987-12-23,,IR
Darda,Ricardet,,wricardetq0@digg.com,,F,1996-06-08,e4c8d10a-a631-4707-a641-3ef7290e27f0,HR
Boote,Cuffin,Taber,tcuffinq1@google.fr,,M,1967-05-08,,MK
Thorpe,Dominec,,edominecq2@example.com,f37f0cdf-2e65-475e-a191-1fb3100c7c0e,M,1980-04-02,,PS
Nico,Asson,,fassonq3@de.vu,,M,1970-02-02,741f5511-3b30-46b7-bfb1-34a94bfc8807,CY
Anet,Portman,Ethelin,eportmanq4@auda.org.au,,F,1994-04-23,,KR
Lacy,Pole,,epoleq5@msu.edu,,F,1998-10-08,,AL
Kingsly,Danielou,Gerek,gdanielouq6@devhub.com,,M,1945-12-08,,CV
Tymon,Geharke,Cyril,cgeharkeq7@freewebs.com,,M,1970-07-18,,JP
Evey,Farncomb,Karyl,kfarncombq8@dedecms.com,,F,2015-10-22,53a454ae-3b69-4974-8b98-8ae8ba799c80,SY
Angeli,Eyles,,deylesq9@adobe.com,208cdef4-047e-4b60-a5c0-9c24fca8dbc6,M,1946-10-22,,JM
Kakalina,Grunnell,Korella,kgrunnellqa@cmu.edu,cd1cd8af-9f96-4922-8019-edef1382f5a0,F,1971-12-31,,GM
Jakob,Dabnor,Abbot,adabnorqb@biblegateway.com,,M,1940-03-20,,KM
Kenon,Faber,,mfaberqc@sbwire.com,a05e3388-ce41-4add-8e28-7bbd55b73d9c,M,1920-10-17,,TD
Gill,Gerritsma,,cgerritsmaqd@dailymotion.com,,F,1920-02-28,,NO
Rayna,Fardell,,vfardellqe@newyorker.com,,F,1972-06-08,caf746c9-37c1-4f68-a91b-48a94a72f853,BH
Caril,Dicks,,hdicksqf@chron.com,,F,1923-08-18,,CO
Anselma,Saill,,xsaillqg@t-online.de,c326b7dc-6dcd-4531-a484-aa96dcb46c09,F,1956-06-14,,ME
Dulcie,Kippen,,mkippenqh@theglobeandmail.com,,F,1943-11-08,,KM
Cathe,Witheridge,Evvy,ewitheridgeqi@so-net.ne.jp,059c4923-4143-4f67-a2d5-fa307a717f26,F,1939-02-20,9c2c5534-e64b-419b-8ffe-bf2ca8b3960e,AM
Nicola,SMs,Kearney,ksMsqj@umn.edu,717614e8-bc22-4398-82a9-a708be64a1f8,M,1945-03-27,,SN
Nikki,Sissot,,jsissotqk@51.la,,F,1993-09-24,,CD
Timmi,Danneil,,rdanneilql@rediff.com,,F,1976-05-03,,CD
Mead,Kerner,,lkernerqm@toplist.cz,,M,1965-10-07,,SV
Rochester,Padly,,kpadlyqn@feedburner.com,,M,1949-02-08,,MT
Tierney,Tallant,Evelyn,etallantqo@yolasite.com,0735b3cb-cb7b-430a-a656-c9fb84bfb50b,F,1931-09-16,,BH
Jonie,O'Crevy,Sean,socrevyqp@zimbio.com,,F,1964-05-15,,ID
Alonso,Thuillier,,lthuillierqq@histats.com,,M,1960-05-27,85531aea-056d-402e-b5c2-95e056d0fabc,AM
Marysa,Bulteel,,pbulteelqr@ameblo.jp,,F,1933-10-29,,GB
Aldrich,Worgan,,sworganqs@tumblr.com,,M,2019-12-05,,KE
Raul,Diggle,,adiggleqt@deviantart.com,8ca2d526-575e-442f-b218-2dfeac77c9a3,M,1959-08-16,,BG
Raleigh,Haack,,ehaackqu@mit.edu,,M,1966-06-15,,NG
Hewie,Coddington,,kcoddingtonqv@princeton.edu,,M,1978-05-03,,LU
Coralyn,Redholes,,jredholesqw@hp.com,,F,1994-11-09,d6b4df20-b3c1-4fb6-82e6-85060d95d787,LI
Aubrey,Challace,Georgina,gchallaceqx@wiley.com,,F,1927-11-21,3d13a494-03ca-490d-97fb-b4838ef555b8,JO
Corine,Bilton,Bernadene,bbiltonqy@nature.com,,F,1947-11-02,,NP
Emmye,Durn,,gdurnqz@cdc.gov,56713133-9fbc-42ec-a695-134b2a447daf,F,1986-06-06,,CZ
Estell,Jacques,,sjacquesr0@washington.edu,,F,2013-03-03,,CG
Eunice,Josephy,,pjosephyr1@ezinearticles.com,be61e3ab-34fb-4c9b-93a6-6cb1b62b1a90,F,1963-04-08,,FR
Dominic,Probart,Krishnah,kprobartr2@amazonaws.com,,M,1952-08-18,,BW
Viola,Kuhnhardt,,skuhnhardtr3@networksolutions.com,e162178b-76ab-4344-aa67-930330d58f40,F,2009-08-07,ba9247a7-9537-43d7-afe7-65c3e6a83ffe,MU
Dione,Pembry,,ppembryr4@digg.com,,F,2019-01-22,,AZ
Law,Rudgard,,prudgardr5@rediff.com,7be8595f-3308-4494-a5d7-7cb67ab28916,M,1963-02-16,,GB
Massimo,Myerscough,,hmyerscoughr6@psu.edu,,M,1947-01-19,,TZ
Renata,Keddie,Merrily,mkeddier7@4shared.com,,F,1987-12-30,b260442f-fae0-4e03-a277-3caedb684a98,KG
Modestine,Patise,,mpatiser8@google.cn,,F,1992-11-17,,JP
Delainey,Guiver,,aguiverr9@liveinternet.ru,,M,1961-03-21,,IL
Ring,Scotland,Giffie,gscotlandra@twitpic.com,,M,2005-10-14,46c79eed-b504-43c2-9b13-719dba47c40c,MR
Ferris,Hendrik,,thendrikrb@sbwire.com,,M,1984-12-05,,LI
Noah,Beckham,Nefen,nbeckhamrc@oaic.gov.au,,M,2018-12-06,0b92f480-6765-4a71-bbf0-8a4c3b086258,BJ
Maggie,Gravey,,pgraveyrd@ustream.tv,,F,2017-03-13,,IR
Cristian,Sherewood,,fsherewoodre@infoseek.co.jp,0a4ad313-9492-42ab-bc81-5b772636a963,M,1942-05-31,,SB
Emma,Cockayne,Ivie,icockaynerf@omniture.com,,F,1936-01-12,,JP
Peggy,Vayne,,cvaynerg@drupal.org,,F,1969-01-09,,CU
Estell,Temperton,Laure,ltempertonrh@vimeo.com,,F,2004-08-29,,MG
Danna,Widmore,Waneta,wwidmoreri@netvibes.com,,F,1939-08-24,,DK
Lind,Seville,,esevillerj@engadget.com,,M,1985-04-11,,JP
Donni,Blest,Maudie,mblestrk@theguardian.com,59bdf96a-613b-426b-8cba-3b42010eb705,F,1972-08-08,5b14c536-79b0-40ec-9aee-73b4d5834061,EE
Lola,Simoncini,Jammie,jsimoncinirl@phoca.cz,,F,1960-09-04,,DO
Isabelle,Berget,,cbergetrm@ca.gov,,F,1937-06-25,53a454ae-3b69-4974-8b98-8ae8ba799c80,PS
Tito,Quarmby,,hquarmbyrn@booking.com,,M,2002-04-24,,RU
Welsh,Egginton,,jeggintonro@amazon.co.jp,,M,1974-05-09,,HU
Andrei,Cruttenden,,bcruttendenrp@weibo.com,,F,2011-03-29,,EC
Mna,Badini,,jbadinirq@chicagotribune.com,,F,2013-10-11,184765f8-06c9-4646-86c3-c09cdfaf1df1,MD
Elspeth,Balmer,,tbalmerrr@mysql.com,,F,1999-02-07,,GB